SN,Code,Name
1,20MICRONS,20 Microns Limited
2,21STCENMGM,21st Century Management Services Limited
3,3IINFOTECH,3i Infotech Limited
4,3MINDIA,3M India Limited
5,3PLAND,3P Land Holdings Limited
6,5PAISA,5Paisa Capital Limited
7,63MOONS,63 moons technologies limited
8,A2ZINFRA,A2Z Infra Engineering Limited
9,AAKASH,Aakash Exploration Services Limited
10,AARON,Aaron Industries Limited
11,AARTIDRUGS,Aarti Drugs Limited
12,AARTIIND,Aarti Industries Limited
13,AARTISURF,Aarti Surfactants Limited
14,AARVEEDEN,Aarvee Denims & Exports Limited
15,AARVI,Aarvi Encon Limited
16,AAVAS,Aavas Financiers Limited
17,ABAN,Aban Offshore Limited
18,ABB,ABB India Limited
19,ABBOTINDIA,Abbott India Limited
20,ABCAPITAL,Aditya Birla Capital Limited
21,ABFRL,Aditya Birla Fashion and Retail Limited
22,ABMINTLTD,ABM International Limited
23,ACC,ACC Limited
24,ACCELYA,Accelya Solutions India Limited
25,ACCURACY,Accuracy Shipping Limited
26,ACE,Action Construction Equipment Limited
27,ACRYSIL,Acrysil Limited
28,ADANIENT,Adani Enterprises Limited
29,ADANIGREEN,Adani Green Energy Limited
30,ADANIPORTS,Adani Ports and Special Economic Zone Limited
31,ADANIPOWER,Adani Power Limited
32,ADANITRANS,Adani Transmission Limited
33,ADFFOODS,ADF Foods Limited
34,ADHUNIKIND,Adhunik Industries Limited
35,ADL,Archidply Decor Limited
36,ADORWELD,Ador Welding Limited
37,ADROITINFO,Adroit Infotech Limited
38,ADSL,Allied Digital Services Limited
39,ADVANIHOTR,Advani Hotels & Resorts (India) Limited
40,ADVENZYMES,Advanced Enzyme Technologies Limited
41,AEGISCHEM,Aegis Logistics Limited
42,AFFLE,Affle (India) Limited
43,AGARIND,Agarwal Industrial Corporation Limited
44,AGCNET,AGC Networks Limited
45,AGRITECH,Agri-Tech (India) Limited
46,AGROPHOS,Agro Phos India Limited
47,AHLADA,Ahlada Engineers Limited
48,AHLEAST,Asian Hotels (East) Limited
49,AHLUCONT,Ahluwalia Contracts (India) Limited
50,AHLWEST,Asian Hotels (West) Limited
51,AIAENG,AIA Engineering Limited
52,AIRAN,Airan Limited
53,AJANTPHARM,Ajanta Pharma Limited
54,AJMERA,Ajmera Realty & Infra India Limited
55,AKASH,Akash Infra-Projects Limited
56,AKG,Akg Exim Limited
57,AKSHARCHEM,AksharChem India Limited
58,AKSHOPTFBR,Aksh Optifibre Limited
59,AKZOINDIA,Akzo Nobel India Limited
60,ALANKIT,Alankit Limited
61,ALBERTDAVD,Albert David Limited
62,ALEMBICLTD,Alembic Limited
63,ALICON,Alicon Castalloy Limited
64,ALKALI,Alkali Metals Limited
65,ALKEM,Alkem Laboratories Limited
66,ALKYLAMINE,Alkyl Amines Chemicals Limited
67,ALLCARGO,Allcargo Logistics Limited
68,ALLSEC,Allsec Technologies Limited
69,ALMONDZ,Almondz Global Securities Limited
70,ALOKINDS,Alok Industries Limited
71,ALPA,Alpa Laboratories Limited
72,ALPHAGEO,Alphageo (India) Limited
73,ALPSINDUS,Alps Industries Limited
74,AMARAJABAT,Amara Raja Batteries Limited
75,AMBER,Amber Enterprises India Limited
76,AMBIKCO,Ambika Cotton Mills Limited
77,AMBUJACEM,Ambuja Cements Limited
78,AMDIND,AMD Industries Limited
79,AMJLAND,Amj Land Holdings Limited
80,AMRUTANJAN,Amrutanjan Health Care Limited
81,ANANTRAJ,Anant Raj Limited
82,ANDHRACEMT,Andhra Cements Limited
83,ANDHRAPAP,ANDHRA PAPER LIMITED
84,ANDHRSUGAR,The Andhra Sugars Limited
85,ANGELBRKG,Angel Broking Limited
86,ANIKINDS,Anik Industries Limited
87,ANKITMETAL,Ankit Metal & Power Limited
88,ANSALAPI,Ansal Properties & Infrastructure Limited
89,ANSALHSG,Ansal Housing Limited
90,ANUP,The Anup Engineering Limited
91,APARINDS,Apar Industries Limited
92,APCL,Anjani Portland Cement Limited
93,APCOTEXIND,Apcotex Industries Limited
94,APEX,Apex Frozen Foods Limited
95,APLAPOLLO,APL Apollo Tubes Limited
96,APLLTD,Alembic Pharmaceuticals Limited
97,APOLLO,Apollo Micro Systems Limited
98,APOLLOHOSP,Apollo Hospitals Enterprise Limited
99,APOLLOPIPE,Apollo Pipes Limited
100,APOLLOTYRE,Apollo Tyres Limited
101,APOLSINHOT,Apollo Sindoori Hotels Limited
102,APTECHT,Aptech Limited
103,ARCHIDPLY,Archidply Industries Limited
104,ARCHIES,Archies Limited
105,ARENTERP,Rajdarshan Industries Limited
106,ARIES,Aries Agro Limited
107,ARIHANT,Arihant Foundations & Housing Limited
108,ARIHANTSUP,Arihant Superstructures Limited
109,ARMANFIN,Arman Financial Services Limited
110,AROGRANITE,Aro Granite Industries Limited
111,ARROWGREEN,Arrow Greentech Limited
112,ARSHIYA,Arshiya Limited
113,ARSSINFRA,ARSS Infrastructure Projects Limited
114,ARTEMISMED,Artemis Medicare Services Limited
115,ARVIND,Arvind Limited
116,ARVINDFASN,Arvind Fashions Limited
117,ARVSMART,Arvind SmartSpaces Limited
118,ASAHIINDIA,Asahi India Glass Limited
119,ASAHISONG,Asahi Songwon Colors Limited
120,ASAL,Automotive Stampings and Assemblies Limited
121,ASALCBR,Associated Alcohols & Breweries Ltd.
122,ASHAPURMIN,Ashapura Minechem Limited
123,ASHIANA,Ashiana Housing Limited
124,ASHIMASYN,Ashima Limited
125,ASHOKA,Ashoka Buildcon Limited
126,ASHOKLEY,Ashok Leyland Limited
127,ASIANHOTNR,Asian Hotels (North) Limited
128,ASIANPAINT,Asian Paints Limited
129,ASIANTILES,Asian Granito India Limited
130,ASPINWALL,Aspinwall and Company Limited
131,ASTEC,Astec LifeSciences Limited
132,ASTERDM,Aster DM Healthcare Limited
133,ASTRAL,Astral Poly Technik Limited
134,ASTRAMICRO,Astra Microwave Products Limited
135,ASTRAZEN,AstraZeneca Pharma India Limited
136,ASTRON,Astron Paper & Board Mill Limited
137,ATFL,Agro Tech Foods Limited
138,ATGL,Adani Total Gas Limited
139,ATLANTA,Atlanta  Limited
140,ATUL,Atul Limited
141,ATULAUTO,Atul Auto Limited
142,AUBANK,AU Small Finance Bank Limited
143,AURIONPRO,Aurionpro Solutions Limited
144,AUROPHARMA,Aurobindo Pharma Limited
145,AUSOMENT,Ausom Enterprise Limited
146,AUTOAXLES,Automotive Axles Limited
147,AUTOIND,Autoline Industries Limited
148,AUTOLITIND,Autolite (India) Limited
149,AVADHSUGAR,Avadh Sugar & Energy Limited
150,AVANTIFEED,Avanti Feeds Limited
151,AVTNPL,AVT Natural Products Limited
152,AWHCL,Antony Waste Handling Cell Limited
153,AXISBANK,Axis Bank Limited
154,AXISCADES,AXISCADES Technologies Limited
155,AYMSYNTEX,AYM Syntex Limited
156,BAFNAPH,Bafna Pharmaceuticals Limited
157,BAGFILMS,B.A.G Films and Media Limited
158,BAJAJ-AUTO,Bajaj Auto Limited
159,BAJAJCON,Bajaj Consumer Care Limited
160,BAJAJELEC,Bajaj Electricals Limited
161,BAJAJFINSV,Bajaj Finserv Limited
162,BAJAJHIND,Bajaj Hindusthan Sugar Limited
163,BAJAJHLDNG,Bajaj Holdings & Investment Limited
164,BAJFINANCE,Bajaj Finance Limited
165,BALAJITELE,Balaji Telefilms Limited
166,BALAMINES,Balaji Amines Limited
167,BALAXI,BALAXI PHARMACEUTICALS LIMITED
168,BALKRISHNA,Balkrishna Paper Mills Limited
169,BALKRISIND,Balkrishna Industries Limited
170,BALLARPUR,Ballarpur Industries Limited
171,BALMLAWRIE,Balmer Lawrie & Company Limited
172,BALPHARMA,Bal Pharma Limited
173,BALRAMCHIN,Balrampur Chini Mills Limited
174,BANARBEADS,Banaras Beads Limited
175,BANARISUG,Bannari Amman Sugars Limited
176,BANCOINDIA,Banco Products (I) Limited
177,BANDHANBNK,Bandhan Bank Limited
178,BANG,Bang Overseas Limited
179,BANKA,Banka BioLoo Limited
180,BANKBARODA,Bank of Baroda
181,BANKINDIA,Bank of India
182,BANSWRAS,Banswara Syntex Limited
183,BARTRONICS,Bartronics India Limited
184,BASF,BASF India Limited
185,BASML,Bannari Amman Spinning Mills Limited
186,BATAINDIA,Bata India Limited
187,BAYERCROP,Bayer Cropscience Limited
188,BBL,Bharat Bijlee Limited
189,BBTC,Bombay Burmah Trading Corporation Limited
190,BCG,Brightcom Group Limited
191,BCP,B.C. Power Controls Ltd
192,BDL,Bharat Dynamics Limited
193,BEARDSELL,Beardsell Limited
194,BECTORFOOD,Mrs. Bectors Food Specialities Limited
195,BEDMUTHA,Bedmutha Industries Limited
196,BEL,Bharat Electronics Limited
197,BEML,BEML Limited
198,BEPL,Bhansali Engineering Polymers Limited
199,BERGEPAINT,Berger Paints (I) Limited
200,BESTAGRO,Best Agrolife Limited
201,BFINVEST,BF Investment Limited
202,BFUTILITIE,BF Utilities Limited
203,BGRENERGY,BGR Energy Systems Limited
204,BHAGERIA,Bhageria Industries Limited
205,BHAGYANGR,Bhagyanagar India Limited
206,BHAGYAPROP,Bhagyanagar Properties Limited
207,BHANDARI,Bhandari Hosiery Exports Limited
208,BHARATFORG,Bharat Forge Limited
209,BHARATGEAR,Bharat Gears Limited
210,BHARATRAS,Bharat Rasayan Limited
211,BHARATWIRE,Bharat Wire Ropes Limited
212,BHARTIARTL,Bharti Airtel Limited
213,BHEL,Bharat Heavy Electricals Limited
214,BIGBLOC,Bigbloc Construction Limited
215,BIL,Bhartiya International Limited
216,BINDALAGRO,Oswal Chemicals & Fertilizers Limited
217,BIOCON,Biocon Limited
218,BIOFILCHEM,Biofil Chemicals & Pharmaceuticals Limited
219,BIRLACABLE,Birla Cable Limited
220,BIRLACORPN,Birla Corporation Limited
221,BIRLAMONEY,Aditya Birla Money Limited
222,BIRLATYRE,Birla Tyres Limited
223,BKMINDST,Bkm Industries Limited
224,BLBLIMITED,BLB Limited
225,BLISSGVS,Bliss GVS Pharma Limited
226,BLKASHYAP,B. L. Kashyap and Sons Limited
227,BLS,BLS International Services Limited
228,BLUEDART,Blue Dart Express Limited
229,BLUESTARCO,Blue Star Limited
230,BODALCHEM,Bodal Chemicals Limited
231,BOMDYEING,Bombay Dyeing & Mfg Company Limited
232,BOROLTD,Borosil Limited
233,BORORENEW,BOROSIL RENEWABLES LIMITED
234,BOSCHLTD,Bosch Limited
235,BPCL,Bharat Petroleum Corporation Limited
236,BPL,BPL Limited
237,BRFL,Bombay Rayon Fashions Limited
238,BRIGADE,Brigade Enterprises Limited
239,BRITANNIA,Britannia Industries Limited
240,BRNL,Bharat Road Network Limited
241,BROOKS,Brooks Laboratories Limited
242,BSE,BSE Limited
243,BSELINFRA,BSEL Infrastructure Realty Limited
244,BSHSL,Bombay Super Hybrid Seeds Limited
245,BSL,BSL Limited
246,BSOFT,BIRLASOFT LIMITED
247,BURGERKING,Burger King India Limited
248,BURNPUR,Burnpur Cement Limited
249,BUTTERFLY,Butterfly Gandhimathi Appliances Limited
250,BVCL,Barak Valley Cements Limited
251,BYKE,The Byke Hospitality Ltd
252,CADILAHC,Cadila Healthcare Limited
253,CALSOFT,California Software Company Limited
254,CAMLINFINE,Camlin Fine Sciences Limited
255,CAMS,Computer Age Management Services Limited
256,CANBK,Canara Bank
257,CANDC,C & C Constructions Limited
258,CANFINHOME,Can Fin Homes Limited
259,CANTABIL,Cantabil Retail India Limited
260,CAPACITE,Capacit'e Infraprojects Limited
261,CAPLIPOINT,Caplin Point Laboratories Limited
262,CAPTRUST,Capital Trust Limited
263,CARBORUNIV,Carborundum Universal Limited
264,CAREERP,Career Point Limited
265,CARERATING,CARE Ratings Limited
266,CASTROLIND,Castrol India Limited
267,CCCL,Consolidated Construction Consortium Limited
268,CCHHL,Country Club Hospitality & Holidays Limited
269,CCL,CCL Products (India) Limited
270,CDSL,Central Depository Services (India) Limited
271,CEATLTD,CEAT Limited
272,CEBBCO,Commercial Engineers & Body Builders Co Limited
273,CELEBRITY,Celebrity Fashions Limited
274,CENTENKA,Century Enka Limited
275,CENTEXT,Century Extrusions Limited
276,CENTRALBK,Central Bank of India
277,CENTRUM,Centrum Capital Limited
278,CENTUM,Centum Electronics Limited
279,CENTURYPLY,Century Plyboards (India) Limited
280,CENTURYTEX,Century Textiles & Industries Limited
281,CERA,Cera Sanitaryware Limited
282,CEREBRAINT,Cerebra Integrated Technologies Limited
283,CESC,CESC Limited
284,CGCL,Capri Global Capital Limited
285,CGPOWER,CG Power and Industrial Solutions Limited
286,CHALET,Chalet Hotels Limited
287,CHAMBLFERT,Chambal Fertilizers & Chemicals Limited
288,CHEMBOND,Chembond Chemicals Ltd
289,CHEMCON,Chemcon Speciality Chemicals Limited
290,CHEMFAB,Chemfab Alkalis Limited
291,CHENNPETRO,Chennai Petroleum Corporation Limited
292,CHOLAFIN,Cholamandalam Investment and Finance Company Limited
293,CHOLAHLDNG,Cholamandalam Financial Holdings Limited
294,CIGNITITEC,Cigniti Technologies Limited
295,CINELINE,Cineline India Limited
296,CINEVISTA,Cinevista Limited
297,CIPLA,Cipla Limited
298,CLEDUCATE,CL Educate Limited
299,CLNINDIA,Clariant Chemicals (India) Limited
300,CMICABLES,CMI Limited
301,CNOVAPETRO,CIL Nova Petrochemicals Limited
302,COALINDIA,Coal India Limited
303,COCHINSHIP,Cochin Shipyard Limited
304,COFORGE,Coforge Limited
305,COLPAL,Colgate Palmolive (India) Limited
306,COMPINFO,Compuage Infocom Limited
307,COMPUSOFT,Compucom Software Limited
308,CONCOR,Container Corporation of India Limited
309,CONFIPET,Confidence Petroleum India Limited
310,CONSOFINVT,Consolidated Finvest & Holdings Limited
311,CONTROLPR,Control Print Limited
312,CORALFINAC,Coral India Finance & Housing Limited
313,CORDSCABLE,Cords Cable Industries Limited
314,COROMANDEL,Coromandel International Limited
315,COSMOFILMS,Cosmo Films Limited
316,COUNCODOS,Country Condo's Limited
317,COX&KINGS,Cox & Kings Limited
318,CREATIVE,Creative Peripherals and Distribution Limited
319,CREATIVEYE,Creative Eye Limited
320,CREDITACC,CREDITACCESS GRAMEEN LIMITED
321,CREST,Crest Ventures Limited
322,CRISIL,CRISIL Limited
323,CROMPTON,Crompton Greaves Consumer Electricals Limited
324,CSBBANK,CSB Bank Limited
325,CTE,Cambridge Technology Enterprises Limited
326,CUB,City Union Bank Limited
327,CUBEXTUB,Cubex Tubings Limited
328,CUMMINSIND,Cummins India Limited
329,CUPID,Cupid Limited
330,CYBERMEDIA,Cyber Media (India) Limited
331,CYBERTECH,Cybertech Systems And Software Limited
332,CYIENT,Cyient Limited
333,DAAWAT,LT Foods Limited
334,DABUR,Dabur India Limited
335,DALBHARAT,Dalmia Bharat Limited
336,DALMIASUG,Dalmia Bharat Sugar and Industries Limited
337,DAMODARIND,Damodar Industries Limited
338,DANGEE,Dangee Dums Limited
339,DATAMATICS,Datamatics Global Services Limited
340,DBCORP,D.B.Corp Limited
341,DBL,Dilip Buildcon Limited
342,DBREALTY,D B Realty Limited
343,DBSTOCKBRO,DB (International) Stock Brokers Limited
344,DCAL,Dishman Carbogen Amcis Limited
345,DCBBANK,DCB Bank Limited
346,DCM,DCM  Limited
347,DCMFINSERV,DCM Financial Services Limited
348,DCMNVL,DCM Nouvelle Limited
349,DCMSHRIRAM,DCM Shriram Limited
350,DCW,DCW Limited
351,DECCANCE,Deccan Cements Limited
352,DEEPAKFERT,Deepak Fertilizers and Petrochemicals Corporation Limited
353,DEEPAKNTR,Deepak Nitrite Limited
354,DEEPENR,DEEP ENERGY RESOURCES LIMITED
355,DELTACORP,Delta Corp Limited
356,DELTAMAGNT,Delta Manufacturing Limited
357,DEN,Den Networks Limited
358,DENORA,De Nora India Limited
359,DFMFOODS,DFM Foods Limited
360,DGCONTENT,Digicontent Limited
361,DHAMPURSUG,Dhampur Sugar Mills Limited
362,DHANBANK,Dhanlaxmi Bank Limited
363,DHANI,Dhani Services Limited
364,DHANUKA,Dhanuka Agritech Limited
365,DHARSUGAR,Dharani Sugars & Chemicals Limited
366,DHFL,Dewan Housing Finance Corporation Limited
367,DHUNINV,Dhunseri Investments Limited
368,DIAMONDYD,Prataap Snacks Limited
369,DICIND,DIC India Limited
370,DIGISPICE,DiGiSPICE Technologies Limited
371,DIGJAMLTD,Digjam Limited
372,DISHTV,Dish TV India Limited
373,DIVISLAB,Divi's Laboratories Limited
374,DIXON,Dixon Technologies (India) Limited
375,DLF,DLF Limited
376,DLINKINDIA,D-Link (India) Limited
377,DMART,Avenue Supermarts Limited
378,DOLAT,Dolat Investments Limited
379,DOLLAR,Dollar Industries Limited
380,DONEAR,Donear Industries Limited
381,DPABHUSHAN,D. P. Abhushan Limited
382,DPSCLTD,DPSC Limited
383,DPWIRES,D P Wires Limited
384,DREDGECORP,Dredging Corporation of India Limited
385,DRREDDY,Dr. Reddy's Laboratories Limited
386,DSSL,Dynacons Systems & Solutions Limited
387,DTIL,Dhunseri Tea & Industries Limited
388,DUCON,Ducon Infratechnologies Limited
389,DVL,Dhunseri Ventures Limited
390,DWARKESH,Dwarikesh Sugar Industries Limited
391,DYNAMATECH,Dynamatic Technologies Limited
392,DYNPRO,Dynemic Products Limited
393,EASUNREYRL,Easun Reyrolle Limited
394,EBIXFOREX,EBIXCASH WORLD MONEY INDIA LIMITED
395,ECLERX,eClerx Services Limited
396,EDELWEISS,Edelweiss Financial Services Limited
397,EDUCOMP,Educomp Solutions Limited
398,EICHERMOT,Eicher Motors Limited
399,EIDPARRY,EID Parry India Limited
400,EIHAHOTELS,EIH Associated Hotels Limited
401,EIHOTEL,EIH Limited
402,EIMCOELECO,Eimco Elecon (India) Limited
403,EKC,Everest Kanto Cylinder Limited
404,ELECON,Elecon Engineering Company Limited
405,ELECTCAST,Electrosteel Castings Limited
406,ELECTHERM,Electrotherm (India) Limited
407,ELGIEQUIP,Elgi Equipments Limited
408,ELGIRUBCO,Elgi Rubber Company Limited
409,EMAMILTD,Emami Limited
410,EMAMIPAP,Emami Paper Mills Limited
411,EMAMIREAL,Emami Realty Limited
412,EMCO,Emco Limited
413,EMKAY,Emkay Global Financial Services Limited
414,EMMBI,Emmbi Industries Limited
415,ENDURANCE,Endurance Technologies Limited
416,ENERGYDEV,Energy Development Company Limited
417,ENGINERSIN,Engineers India Limited
418,ENIL,Entertainment Network (India) Limited
419,EPL,EPL Limited
420,EQUITAS,Equitas Holdings Limited
421,EQUITASBNK,Equitas Small Finance Bank Limited
422,ERIS,Eris Lifesciences Limited
423,EROSMEDIA,Eros International Media Limited
424,ESABINDIA,Esab India Limited
425,ESCORTS,Escorts Limited
426,ESSARSHPNG,Essar Shipping Limited
427,ESTER,Ester Industries Limited
428,EUROTEXIND,Eurotex Industries and Exports Limited
429,EVEREADY,Eveready Industries India Limited
430,EVERESTIND,Everest Industries Limited
431,EXCEL,Excel Realty N Infra Limited
432,EXCELINDUS,Excel Industries Limited
433,EXIDEIND,Exide Industries Limited
434,EXPLEOSOL,Expleo Solutions Limited
435,FACT,Fertilizers and Chemicals Travancore Limited
436,FAIRCHEMOR,Fairchem Organics Limited
437,FCL,Fineotex Chemical Limited
438,FCONSUMER,Future Consumer Limited
439,FCSSOFT,FCS Software Solutions Limited
440,FDC,FDC Limited
441,FEDERALBNK,The Federal Bank  Limited
442,FEL,Future Enterprises Limited
443,FELDVR,Future Enterprises Limited
444,FIEMIND,Fiem Industries Limited
445,FILATEX,Filatex India Limited
446,FINCABLES,Finolex Cables Limited
447,FINEORG,Fine Organic Industries Limited
448,FINPIPE,Finolex Industries Limited
449,FLEXITUFF,Flexituff Ventures International Limited
450,FLFL,Future Lifestyle Fashions Limited
451,FLUOROCHEM,Gujarat Fluorochemicals Limited
452,FMGOETZE,Federal-Mogul Goetze (India) Limited.
453,FMNL,Future Market Networks Limited
454,FORCEMOT,FORCE MOTORS LTD
455,FORTIS,Fortis Healthcare Limited
456,FOSECOIND,Foseco India Limited
457,FRETAIL,Future Retail Limited
458,FSC,Future Supply Chain Solutions Limited
459,FSL,Firstsource Solutions Limited
460,GABRIEL,Gabriel India Limited
461,GAEL,Gujarat Ambuja Exports Limited
462,GAIL,GAIL (India) Limited
463,GAL,Gyscoal Alloys Limited
464,GALAXYSURF,Galaxy Surfactants Limited
465,GALLANTT,Gallantt Metal Limited
466,GALLISPAT,Gallantt Ispat Limited
467,GAMMNINFRA,Gammon Infrastructure Projects Limited
468,GANDHITUBE,Gandhi Special Tubes Limited
469,GANECOS,Ganesha Ecosphere Limited
470,GANESHHOUC,Ganesh Housing Corporation Limited
471,GANGESSECU,Ganges Securities Limited
472,GARFIBRES,Garware Technical Fibres Limited
473,GATI,GATI Limited
474,GAYAHWS,Gayatri Highways Limited
475,GAYAPROJ,Gayatri Projects Limited
476,GBGLOBAL,GB Global Limited
477,GDL,Gateway Distriparks Limited
478,GEECEE,GeeCee Ventures Limited
479,GEEKAYWIRE,Geekay Wires Limited
480,GENCON,Generic Engineering Construction and Projects Limited
481,GENESYS,Genesys International Corporation Limited
482,GENUSPAPER,Genus Paper & Boards Limited
483,GENUSPOWER,Genus Power Infrastructures Limited
484,GEOJITFSL,Geojit Financial Services Limited
485,GEPIL,GE Power India Limited
486,GESHIP,The Great Eastern Shipping Company Limited
487,GET&D,GE T&D India Limited
488,GFLLIMITED,GFL Limited
489,GFSTEELS,Grand Foundry Limited
490,GHCL,GHCL Limited
491,GICHSGFIN,GIC Housing Finance Limited
492,GICRE,General Insurance Corporation of India
493,GILLANDERS,Gillanders Arbuthnot & Company Limited
494,GILLETTE,Gillette India Limited
495,GINNIFILA,Ginni Filaments Limited
496,GIPCL,Gujarat Industries Power Company Limited
497,GISOLUTION,GI Engineering Solutions Limited
498,GKWLIMITED,GKW Limited
499,GLAND,Gland Pharma Limited
500,GLAXO,GlaxoSmithKline Pharmaceuticals Limited
501,GLENMARK,Glenmark Pharmaceuticals Limited
502,GLFL,Gujarat Lease Financing Limited
503,GLOBAL,Global Education Limited
504,GLOBALVECT,Global Vectra Helicorp Limited
505,GLOBE,Globe Textiles (India) Limited
506,GLOBOFFS,Global Offshore Services Limited
507,GLOBUSSPR,Globus Spirits Limited
508,GMBREW,GM Breweries Limited
509,GMDCLTD,Gujarat Mineral Development Corporation Limited
510,GMMPFAUDLR,GMM Pfaudler Limited
511,GMRINFRA,GMR Infrastructure Limited
512,GNA,GNA Axles Limited
513,GNFC,Gujarat Narmada Valley Fertilizers and Chemicals Limited
514,GOACARBON,Goa Carbon Limited
515,GOCLCORP,GOCL Corporation Limited
516,GODFRYPHLP,Godfrey Phillips India Limited
517,GODHA,Godha Cabcon & Insulation Limited
518,GODREJAGRO,Godrej Agrovet Limited
519,GODREJCP,Godrej Consumer Products Limited
520,GODREJIND,Godrej Industries Limited
521,GODREJPROP,Godrej Properties Limited
522,GOENKA,Goenka Diamond and Jewels Limited
523,GOKEX,Gokaldas Exports Limited
524,GOKUL,Gokul Refoils and Solvent Limited
525,GOKULAGRO,Gokul Agro Resources Limited
526,GOLDENTOBC,Golden Tobacco Limited
527,GOLDIAM,Goldiam International Limited
528,GOODLUCK,Goodluck India Limited
529,GOODYEAR,Goodyear India Limited
530,GPIL,Godawari Power And Ispat limited
531,GPPL,Gujarat Pipavav Port Limited
532,GPTINFRA,GPT Infraprojects Limited
533,GRANULES,Granules India Limited
534,GRAPHITE,Graphite India Limited
535,GRASIM,Grasim Industries Limited
536,GRAVITA,Gravita India Limited
537,GREAVESCOT,Greaves Cotton Limited
538,GREENLAM,Greenlam Industries Limited
539,GREENPANEL,Greenpanel Industries Limited
540,GREENPLY,Greenply Industries Limited
541,GREENPOWER,Orient Green Power Company Limited
542,GRINDWELL,Grindwell Norton Limited
543,GROBTEA,The Grob Tea Company Limited
544,GRPLTD,GRP Limited
545,GRSE,Garden Reach Shipbuilders & Engineers Limited
546,GSCLCEMENT,Gujarat Sidhee Cement Limited
547,GSFC,Gujarat State Fertilizers & Chemicals Limited
548,GSPL,Gujarat State Petronet Limited
549,GSS,GSS Infotech Limited
550,GTL,GTL Limited
551,GTLINFRA,GTL Infrastructure Limited
552,GTNIND,GTN Industries Limited
553,GTNTEX,GTN Textiles Limited
554,GTPL,GTPL Hathway Limited
555,GUFICBIO,Gufic Biosciences Limited
556,GUJALKALI,Gujarat Alkalies and Chemicals Limited
557,GUJAPOLLO,Gujarat Apollo Industries Limited
558,GUJGASLTD,Gujarat Gas Limited
559,GUJRAFFIA,Gujarat Raffia Industries Limited
560,GULFOILLUB,Gulf Oil Lubricants India Limited
561,GULFPETRO,GP Petroleums Limited
562,GULPOLY,Gulshan Polyols Limited
563,HAL,Hindustan Aeronautics Limited
564,HAPPSTMNDS,Happiest Minds Technologies Limited
565,HARITASEAT,Harita Seating Systems Limited
566,HARRMALAYA,Harrisons  Malayalam Limited
567,HATHWAY,Hathway Cable & Datacom Limited
568,HATSUN,Hatsun Agro Product Limited
569,HAVELLS,Havells India Limited
570,HAVISHA,Sri Havisha Hospitality and Infrastructure Limited
571,HBLPOWER,HBL Power Systems Limited
572,HBSL,HB Stockholdings Limited
573,HCC,Hindustan Construction Company Limited
574,HCG,Healthcare Global Enterprises Limited
575,HCL-INSYS,HCL Infosystems Limited
576,HCLTECH,HCL Technologies Limited
577,HDFC,Housing Development Finance Corporation Limited
578,HDFCAMC,HDFC Asset Management Company Limited
579,HDFCBANK,HDFC Bank Limited
580,HDFCLIFE,HDFC Life Insurance Company Limited
581,HDIL,Housing Development and Infrastructure Limited
582,HEG,HEG Limited
583,HEIDELBERG,HeidelbergCement India Limited
584,HEMIPROP,Hemisphere Properties India Limited
585,HERCULES,Hercules Hoists Limited
586,HERITGFOOD,Heritage Foods Limited
587,HEROMOTOCO,Hero MotoCorp Limited
588,HESTERBIO,Hester Biosciences Limited
589,HEXATRADEX,Hexa Tradex Limited
590,HFCL,HFCL Limited
591,HGINFRA,H.G. Infra Engineering Limited
592,HGS,Hinduja Global Solutions Limited
593,HIKAL,Hikal Limited
594,HIL,HIL Limited
595,HILTON,Hilton Metal Forging Limited
596,HIMATSEIDE,Himatsingka Seide Limited
597,HINDALCO,Hindalco Industries Limited
598,HINDCOMPOS,Hindustan Composites Limited
599,HINDCOPPER,Hindustan Copper Limited
600,HINDMOTORS,Hindustan Motors Limited
601,HINDNATGLS,Hindusthan National Glass & Industries Limited
602,HINDOILEXP,Hindustan Oil Exploration Company Limited
603,HINDPETRO,Hindustan Petroleum Corporation Limited
604,HINDUNILVR,Hindustan Unilever Limited
605,HINDZINC,Hindustan Zinc Limited
606,HIRECT,Hind Rectifiers Limited
607,HISARMETAL,Hisar Metal Industries Limited
608,HITECH,Hi-Tech Pipes Limited
609,HITECHCORP,Hitech Corporation Limited
610,HITECHGEAR,The Hi-Tech Gears Limited
611,HLEGLAS,HLE Glascoat Limited
612,HLVLTD,HLV LIMITED
613,HMT,HMT Limited
614,HMVL,Hindustan Media Ventures Limited
615,HNDFDS,Hindustan Foods Limited
616,HOMEFIRST,Home First Finance Company India Limited
617,HONAUT,Honeywell Automation India Limited
618,HONDAPOWER,Honda India Power Products Limited
619,HOTELRUGBY,Hotel Rugby Limited
620,HOVS,HOV Services Limited
621,HPL,HPL Electric & Power Limited
622,HSCL,Himadri Speciality Chemical Limited
623,HSIL,HSIL Limited
624,HTMEDIA,HT Media Limited
625,HUBTOWN,Hubtown Limited
626,HUDCO,Housing & Urban Development Corporation Limited
627,HUHTAMAKI,Huhtamaki India Limited
628,IBREALEST,Indiabulls Real Estate Limited
629,IBULHSGFIN,Indiabulls Housing Finance Limited
630,ICEMAKE,Ice Make Refrigeration Limited
631,ICICIBANK,ICICI Bank Limited
632,ICICIGI,ICICI Lombard General Insurance Company Limited
633,ICICIPRULI,ICICI Prudential Life Insurance Company Limited
634,ICIL,Indo Count Industries Limited
635,ICRA,ICRA Limited
636,IDBI,IDBI Bank Limited
637,IDEA,Vodafone Idea Limited
638,IDFC,IDFC Limited
639,IDFCFIRSTB,IDFC First Bank Limited
640,IEX,Indian Energy Exchange Limited
641,IFBAGRO,IFB Agro Industries Limited
642,IFBIND,IFB Industries Limited
643,IFCI,IFCI Limited
644,IFGLEXPOR,IFGL Refractories Limited
645,IGARASHI,Igarashi Motors India Limited
646,IGL,Indraprastha Gas Limited
647,IGPL,IG Petrochemicals Limited
648,IIFL,IIFL Finance Limited
649,IIFLSEC,IIFL Securities Limited
650,IIFLWAM,Iifl Wealth Management Limited
651,IITL,Industrial Investment Trust Limited
652,IL&FSENGG,IL&FS Engineering and Construction Company Limited
653,IL&FSTRANS,IL&FS Transportation Networks Limited
654,IMAGICAA,Imagicaaworld Entertainment Limited
655,IMFA,Indian Metals & Ferro Alloys Limited
656,IMPAL,India Motor Parts and Accessories Limited
657,IMPEXFERRO,Impex Ferro Tech Limited
658,INDBANK,Indbank Merchant Banking Services Limited
659,INDHOTEL,The Indian Hotels Company Limited
660,INDIACEM,The India Cements Limited
661,INDIAGLYCO,India Glycols Limited
662,INDIAMART,Indiamart Intermesh Limited
663,INDIANB,Indian Bank
664,INDIANCARD,Indian Card Clothing Company Limited
665,INDIANHUME,Indian Hume Pipe Company Limited
666,INDIGO,InterGlobe Aviation Limited
667,INDIGOPNTS,Indigo Paints Limited
668,INDLMETER,IMP Powers Limited
669,INDNIPPON,India Nippon Electricals Limited
670,INDOCO,Indoco Remedies Limited
671,INDORAMA,Indo Rama Synthetics (India) Limited
672,INDOSOLAR,Indosolar Limited
673,INDOSTAR,IndoStar Capital Finance Limited
674,INDOTECH,Indo Tech Transformers Limited
675,INDOTHAI,Indo Thai Securities Limited
676,INDOWIND,Indowind Energy Limited
677,INDRAMEDCO,Indraprastha Medical Corporation Limited
678,INDSWFTLAB,Ind-Swift Laboratories Limited
679,INDTERRAIN,Indian Terrain Fashions Limited
680,INDUSINDBK,IndusInd Bank Limited
681,INDUSTOWER,Indus Towers Limited
682,INEOSSTYRO,INEOS Styrolution India Limited
683,INFIBEAM,Infibeam Avenues Limited
684,INFOBEAN,InfoBeans Technologies Limited
685,INFOMEDIA,Infomedia Press Limited
686,INFY,Infosys Limited
687,INGERRAND,Ingersoll Rand (India) Limited
688,INOXLEISUR,INOX Leisure Limited
689,INOXWIND,Inox Wind Limited
690,INSECTICID,Insecticides (India) Limited
691,INSPIRISYS,Inspirisys Solutions Limited
692,INTEGRA,Integra Garments and Textiles Limited
693,INTELLECT,Intellect Design Arena Limited
694,INTENTECH,Intense Technologies Limited
695,INVENTURE,Inventure Growth & Securities Limited
696,IOB,Indian Overseas Bank
697,IOC,Indian Oil Corporation Limited
698,IOLCP,IOL Chemicals and Pharmaceuticals Limited
699,IPCALAB,IPCA Laboratories Limited
700,IRB,IRB Infrastructure Developers Limited
701,IRCON,Ircon International Limited
702,IRCTC,Indian Railway Catering And Tourism Corporation Limited
703,IRFC,Indian Railway Finance Corporation Limited
704,IRISDOREME,Iris Clothings Limited
705,ISEC,ICICI Securities Limited
706,ISFT,Intrasoft Technologies Limited
707,ISMTLTD,ISMT Limited
708,ITC,ITC Limited
709,ITDC,India Tourism Development Corporation Limited
710,ITDCEM,ITD Cementation India Limited
711,ITI,ITI Limited
712,IVC,IL&FS Investment Managers Limited
713,IVP,IVP Limited
714,IZMO,IZMO Limited
715,J&KBANK,The Jammu & Kashmir Bank Limited
716,JAGRAN,Jagran Prakashan Limited
717,JAGSNPHARM,Jagsonpal Pharmaceuticals Limited
718,JAIBALAJI,Jai Balaji Industries Limited
719,JAICORPLTD,Jai Corp Limited
720,JAINSTUDIO,Jain Studios Limited
721,JAMNAAUTO,Jamna Auto Industries Limited
722,JASH,Jash Engineering Limited
723,JAYAGROGN,Jayant Agro Organics Limited
724,JAYBARMARU,Jay Bharat Maruti Limited
725,JAYNECOIND,Jayaswal Neco Industries Limited
726,JAYSREETEA,Jayshree Tea & Industries Limited
727,JBCHEPHARM,JB Chemicals & Pharmaceuticals Limited
728,JBFIND,JBF Industries Limited
729,JBMA,JBM Auto Limited
730,JCHAC,Johnson Controls - Hitachi Air Conditioning India Limited
731,JETAIRWAYS,Jet Airways (India) Limited
732,JHS,JHS Svendgaard Laboratories Limited
733,JIKIND,JIK Industries Limited
734,JINDALPHOT,Jindal Photo Limited
735,JINDALPOLY,Jindal Poly Films Limited
736,JINDALSAW,Jindal Saw Limited
737,JINDALSTEL,Jindal Steel & Power Limited
738,JINDRILL,Jindal Drilling And Industries Limited
739,JINDWORLD,Jindal Worldwide Limited
740,JISLDVREQS,Jain Irrigation Systems Limited
741,JISLJALEQS,Jain Irrigation Systems Limited
742,JITFINFRA,JITF Infralogistics Limited
743,JIYAECO,Jiya Eco-Products Limited
744,JKCEMENT,JK Cement Limited
745,JKIL,J.Kumar Infraprojects Limited
746,JKLAKSHMI,JK Lakshmi Cement Limited
747,JKPAPER,JK Paper Limited
748,JKTYRE,JK Tyre & Industries Limited
749,JMA,Jullundur Motor Agency (Delhi) Limited
750,JMCPROJECT,JMC Projects (India)  Limited
751,JMFINANCIL,JM Financial Limited
752,JMTAUTOLTD,JMT Auto Limited
753,JOCIL,Jocil Limited
754,JPASSOCIAT,Jaiprakash Associates Limited
755,JPINFRATEC,Jaypee Infratech Limited
756,JPPOWER,Jaiprakash Power Ventures Limited
757,JSL,Jindal Stainless Limited
758,JSLHISAR,Jindal Stainless (Hisar) Limited
759,JSWENERGY,JSW Energy Limited
760,JSWHL,JSW Holdings Limited
761,JSWISPL,JSW Ispat Special Products Limited
762,JSWSTEEL,JSW Steel Limited
763,JTEKTINDIA,Jtekt India Limited
764,JUBLFOOD,Jubilant Foodworks Limited
765,JUBLINDS,Jubilant Industries Limited
766,JUBLPHARMA,Jubilant Pharmova Limited
767,JUMPNET,Jump Networks Limited
768,JUSTDIAL,Just Dial Limited
769,JYOTHYLAB,Jyothy Labs Limited
770,KABRAEXTRU,Kabra Extrusion Technik Limited
771,KAJARIACER,Kajaria Ceramics Limited
772,KAKATCEM,Kakatiya Cement Sugar & Industries Limited
773,KALPATPOWR,Kalpataru Power Transmission Limited
774,KALYANI,Kalyani Commercials Limited
775,KALYANIFRG,Kalyani Forge Limited
776,KAMATHOTEL,Kamat Hotels (I) Limited
777,KAMDHENU,Kamdhenu Limited
778,KANANIIND,Kanani Industries Limited
779,KANORICHEM,Kanoria Chemicals & Industries Limited
780,KANPRPLA,Kanpur Plastipack Limited
781,KANSAINER,Kansai Nerolac Paints Limited
782,KAPSTON,Kapston Facilities Management Limited
783,KARDA,Karda Constructions Limited
784,KARMAENG,Karma Energy Limited
785,KARURVYSYA,Karur Vysya Bank Limited
786,KAUSHALYA,Kaushalya Infrastructure Development Corporation Limited
787,KAYA,Kaya Limited
788,KCP,KCP Limited
789,KCPSUGIND,KCP Sugar and Industries Corporation Limited
790,KDDL,KDDL Limited
791,KEC,KEC International Limited
792,KECL,Kirloskar Electric Company Limited
793,KEERTI,Keerti Knowledge and Skills Limited
794,KEI,KEI Industries Limited
795,KELLTONTEC,Kellton Tech Solutions Limited
796,KENNAMET,Kennametal India Limited
797,KERNEX,Kernex Microsystems (India) Limited
798,KESORAMIND,Kesoram Industries Limited
799,KEYFINSERV,Keynote Financial Services Limited
800,KGL,Karuturi Global Limited
801,KHADIM,Khadim India Limited
802,KHAICHEM,Khaitan Chemicals & Fertilizers Limited
803,KHANDSE,Khandwala Securities Limited
804,KICL,Kalyani Investment Company Limited
805,KILITCH,Kilitch Drugs (India) Limited
806,KINGFA,Kingfa Science & Technology (India) Limited
807,KIOCL,KIOCL Limited
808,KIRIINDUS,Kiri Industries Limited
809,KIRLFER,Kirloskar Ferrous Industries Ltd
810,KIRLOSBROS,Kirloskar Brothers Limited
811,KIRLOSENG,Kirloskar Oil Engines Limited
812,KIRLOSIND,Kirloskar Industries Limited
813,KITEX,Kitex Garments Limited
814,KKCL,Kewal Kiran Clothing Limited
815,KMSUGAR,K.M.Sugar Mills Limited
816,KNRCON,KNR Constructions Limited
817,KOKUYOCMLN,Kokuyo Camlin Limited
818,KOLTEPATIL,Kolte - Patil Developers Limited
819,KOPRAN,Kopran Limited
820,KOTAKBANK,Kotak Mahindra Bank Limited
821,KOTARISUG,Kothari Sugars And Chemicals Limited
822,KOTHARIPET,Kothari Petrochemicals Limited
823,KOTHARIPRO,Kothari Products Limited
824,KPITTECH,KPIT Technologies Limited
825,KPRMILL,K.P.R. Mill Limited
826,KRBL,KRBL Limited
827,KREBSBIO,Krebs Biochemicals and Industries Limited
828,KRIDHANINF,Kridhan Infra Limited
829,KRISHANA,Krishana Phoschem Limited
830,KSB,Ksb Limited
831,KSCL,Kaveri Seed Company Limited
832,KSL,Kalyani Steels Limited
833,KTKBANK,The Karnataka Bank Limited
834,KUANTUM,Kuantum Papers Limited
835,L&TFH,L&T Finance Holdings Limited
836,LAKPRE,Lakshmi Precision Screws Limited
837,LALPATHLAB,Dr. Lal Path Labs Ltd.
838,LAMBODHARA,Lambodhara Textiles Limited
839,LAOPALA,La Opala RG Limited
840,LASA,Lasa Supergenerics Limited
841,LAURUSLABS,Laurus Labs Limited
842,LAXMIMACH,Lakshmi Machine Works Limited
843,LEMONTREE,Lemon Tree Hotels Limited
844,LFIC,Lakshmi Finance & Industrial Corporation Limited
845,LGBBROSLTD,LG Balakrishnan & Bros Limited
846,LGBFORGE,LGB Forge Limited
847,LIBAS,Libas Consumer Products Limited
848,LIBERTSHOE,Liberty Shoes Limited
849,LICHSGFIN,LIC Housing Finance Limited
850,LIKHITHA,Likhitha Infrastructure Limited
851,LINCOLN,Lincoln Pharmaceuticals Limited
852,LINCPEN,Linc Pen & Plastics Limited
853,LINDEINDIA,Linde India Limited
854,LOKESHMACH,Lokesh Machines Limited
855,LOTUSEYE,Lotus Eye Hospital and Institute Limited
856,LOVABLE,Lovable Lingerie Limited
857,LPDC,Landmark Property Development Company Limited
858,LSIL,Lloyds Steels Industries Limited
859,LT,Larsen & Toubro Limited
860,LTI,Larsen & Toubro Infotech Limited
861,LTTS,L&T Technology Services Limited
862,LUMAXIND,Lumax Industries Limited
863,LUMAXTECH,Lumax Auto Technologies Limited
864,LUPIN,Lupin Limited
865,LUXIND,Lux Industries Limited
866,LYKALABS,Lyka Labs Limited
867,LYPSAGEMS,Lypsa Gems & Jewellery Limited
868,M&M,Mahindra & Mahindra Limited
869,M&MFIN,Mahindra & Mahindra Financial Services Limited
870,MAANALU,Maan Aluminium Limited
871,MACPOWER,Macpower CNC Machines Limited
872,MADHAV,Madhav Marbles and Granites Limited
873,MADHUCON,Madhucon Projects Limited
874,MADRASFERT,Madras Fertilizers Limited
875,MAGADSUGAR,Magadh Sugar & Energy Limited
876,MAGMA,Magma Fincorp Limited
877,MAGNUM,Magnum Ventures Limited
878,MAHABANK,Bank of Maharashtra
879,MAHAPEXLTD,Maha Rashtra Apex Corporation Limited
880,MAHASTEEL,Mahamaya Steel Industries Limited
881,MAHEPC,Mahindra EPC Irrigation Limited
882,MAHESHWARI,Maheshwari Logistics Limited
883,MAHINDCIE,Mahindra CIE Automotive Limited
884,MAHLIFE,Mahindra Lifespace Developers Limited
885,MAHLOG,Mahindra Logistics Limited
886,MAHSCOOTER,Maharashtra Scooters Limited
887,MAHSEAMLES,Maharashtra Seamless Limited
888,MAITHANALL,Maithan Alloys Limited
889,MAJESCO,Majesco Limited
890,MALUPAPER,Malu Paper Mills Limited
891,MANAKALUCO,Manaksia Aluminium Company Limited
892,MANAKCOAT,Manaksia Coated Metals & Industries Limited
893,MANAKSIA,Manaksia Limited
894,MANAKSTEEL,Manaksia Steels Limited
895,MANALIPETC,Manali Petrochemicals Limited
896,MANAPPURAM,Manappuram Finance Limited
897,MANGALAM,Mangalam Drugs And Organics Limited
898,MANGCHEFER,Mangalore Chemicals & Fertilizers Limited
899,MANGLMCEM,Mangalam Cement Limited
900,MANGTIMBER,Mangalam Timber Products Limited
901,MANINDS,Man Industries (India) Limited
902,MANINFRA,Man Infraconstruction Limited
903,MANUGRAPH,Manugraph India Limited
904,MARALOVER,Maral Overseas Limited
905,MARATHON,Marathon Nextgen Realty Limited
906,MARICO,Marico Limited
907,MARINE,Marine Electricals (India) Limited
908,MARKSANS,Marksans Pharma Limited
909,MARUTI,Maruti Suzuki India Limited
910,MASFIN,MAS Financial Services Limited
911,MASKINVEST,Mask Investments Limited
912,MASTEK,Mastek Limited
913,MATRIMONY,Matrimony.Com Limited
914,MAWANASUG,Mawana Sugars Limited
915,MAXHEALTH,Max Healthcare Institute Limited
916,MAXIND,Max India Limited
917,MAXVIL,Max Ventures and Industries Limited
918,MAYURUNIQ,Mayur Uniquoters Ltd
919,MAZDA,Mazda Limited
920,MAZDOCK,Mazagon Dock Shipbuilders Limited
921,MBAPL,Madhya Bharat Agro Products Limited
922,MBECL,Mcnally Bharat Engineering Company Limited
923,MBLINFRA,MBL Infrastructures Limited
924,MCDHOLDING,McDowell Holdings Limited
925,MCDOWELL-N,United Spirits Limited
926,MCL,Madhav Copper Limited
927,MCLEODRUSS,Mcleod Russel India Limited
928,MCX,Multi Commodity Exchange of India Limited
929,MEGASOFT,Megasoft Limited
930,MEGH,Meghmani Organics Limited
931,MELSTAR,Melstar Information Technologies Limited
932,MENONBE,Menon Bearings Limited
933,MEP,MEP Infrastructure Developers Limited
934,MERCATOR,Mercator Limited
935,METALFORGE,Metalyst Forgings Limited
936,METROPOLIS,Metropolis Healthcare Limited
937,MFSL,Max Financial Services Limited
938,MGEL,Mangalam Global Enterprise Limited
939,MGL,Mahanagar Gas Limited
940,MHRIL,Mahindra Holidays & Resorts India Limited
941,MIC,MIC Electronics Limited
942,MIDHANI,Mishra Dhatu Nigam Limited
943,MINDACORP,Minda Corporation Limited
944,MINDAIND,Minda Industries Limited
945,MINDTECK,Mindteck (India) Limited
946,MINDTREE,MindTree Limited
947,MIRCELECTR,MIRC Electronics Limited
948,MIRZAINT,Mirza International Limited
949,MITTAL,Mittal Life Style Limited
950,MMFL,MM Forgings Limited
951,MMP,MMP Industries Limited
952,MMTC,MMTC Limited
953,MODIRUBBER,Modi Rubber Limited
954,MOHITIND,Mohit Industries Limited
955,MOHOTAIND,Mohota Industries Limited
956,MOIL,MOIL Limited
957,MOLDTECH,Mold-Tek Technologies Limited
958,MOLDTKPAC,Mold-Tek Packaging Limited
959,MONTECARLO,Monte Carlo Fashions Limited
960,MORARJEE,Morarjee Textiles Limited
961,MOREPENLAB,Morepen Laboratories Limited
962,MOTHERSUMI,Motherson Sumi Systems Limited
963,MOTILALOFS,Motilal Oswal Financial Services Limited
964,MOTOGENFIN,The Motor & General Finance Limited
965,MPHASIS,MphasiS Limited
966,MPSLTD,MPS Limited
967,MRF,MRF Limited
968,MRO-TEK,MRO-TEK Realty Limited
969,MRPL,Mangalore Refinery and Petrochemicals Limited
970,MSPL,MSP Steel & Power Limited
971,MSTCLTD,Mstc Limited
972,MTEDUCARE,MT Educare Limited
973,MTNL,Mahanagar Telephone Nigam Limited
974,MUKANDENGG,Mukand Engineers Limited
975,MUKANDLTD,Mukand Limited
976,MUKTAARTS,Mukta Arts Limited
977,MUNJALAU,Munjal Auto Industries Limited
978,MUNJALSHOW,Munjal Showa Limited
979,MURUDCERA,Murudeshwar Ceramics Limited
980,MUTHOOTCAP,Muthoot Capital Services Limited
981,MUTHOOTFIN,Muthoot Finance Limited
982,NACLIND,NACL Industries Limited
983,NAGAFERT,Nagarjuna Fertilizers and Chemicals Limited
984,NAGREEKCAP,Nagreeka Capital & Infrastructure Limited
985,NAGREEKEXP,Nagreeka Exports Limited
986,NAHARCAP,Nahar Capital and Financial Services Limited
987,NAHARINDUS,Nahar Industrial Enterprises Limited
988,NAHARPOLY,Nahar Poly Films Limited
989,NAHARSPING,Nahar Spinning Mills Limited
990,NAM-INDIA,Nippon Life India Asset Management Limited
991,NATCOPHARM,Natco Pharma Limited
992,NATHBIOGEN,Nath Bio-Genes (India) Limited
993,NATIONALUM,National Aluminium Company Limited
994,NATNLSTEEL,National Steel And Agro Industries Limited
995,NAUKRI,Info Edge (India) Limited
996,NAVINFLUOR,Navin Fluorine International Limited
997,NAVKARCORP,Navkar Corporation Limited
998,NAVNETEDUL,Navneet Education Limited
999,NBCC,NBCC (India) Limited
1000,NBIFIN,N. B. I. Industrial Finance Company Limited
1001,NBVENTURES,Nava Bharat Ventures Limited
1002,NCC,NCC Limited
1003,NCLIND,NCL Industries Limited
1004,NDGL,Naga Dhunseri Group Limited
1005,NDL,Nandan Denim Limited
1006,NDRAUTO,Ndr Auto Components Limited
1007,NDTV,New Delhi Television Limited
1008,NECCLTD,North Eastern Carrying Corporation Limited
1009,NECLIFE,Nectar Lifesciences Limited
1010,NELCAST,Nelcast Limited
1011,NELCO,NELCO Limited
1012,NEOGEN,Neogen Chemicals Limited
1013,NESCO,Nesco Limited
1014,NESTLEIND,Nestle India Limited
1015,NETWORK18,Network18 Media & Investments Limited
1016,NEULANDLAB,Neuland Laboratories Limited
1017,NEWGEN,Newgen Software Technologies Limited
1018,NEXTMEDIA,Next Mediaworks Limited
1019,NFL,National Fertilizers Limited
1020,NH,Narayana Hrudayalaya Ltd.
1021,NHPC,NHPC Limited
1022,NIACL,The New India Assurance Company Limited
1023,NIBL,NRB Industrial Bearings Limited
1024,NIITLTD,NIIT Limited
1025,NILAINFRA,Nila Infrastructures Limited
1026,NILASPACES,Nila Spaces Limited
1027,NILKAMAL,Nilkamal Limited
1028,NIPPOBATRY,Indo-National Limited
1029,NIRAJ,Niraj Cement Structurals Limited
1030,NIRAJISPAT,Niraj Ispat Industries Limited
1031,NITCO,Nitco Limited
1032,NITINFIRE,Nitin Fire Protection Industries Limited
1033,NITINSPIN,Nitin Spinners Limited
1034,NKIND,NK Industries Limited
1035,NLCINDIA,NLC India Limited
1036,NMDC,NMDC Limited
1037,NOCIL,NOCIL Limited
1038,NOIDATOLL,Noida Toll Bridge Company Limited
1039,NORBTEAEXP,Norben Tea & Exports Limited
1040,NOVARTIND,Novartis India Limited
1041,NRAIL,N R Agarwal Industries Limited
1042,NRBBEARING,NRB Bearing Limited
1043,NSIL,Nalwa Sons Investments Limited
1044,NTL,Neueon Towers Limited
1045,NTPC,NTPC Limited
1046,NUCLEUS,Nucleus Software Exports Limited
1047,NURECA,Nureca Limited
1048,NXTDIGITAL,NXTDIGITAL LIMITED
1049,OAL,Oriental Aromatics Limited
1050,OBEROIRLTY,Oberoi Realty Limited
1051,OCCL,Oriental Carbon & Chemicals Limited
1052,OFSS,Oracle Financial Services Software Limited
1053,OIL,Oil India Limited
1054,OILCOUNTUB,Oil Country Tubular Limited
1055,OLECTRA,Olectra Greentech Limited
1056,OMAXAUTO,Omax Autos Limited
1057,OMAXE,Omaxe Limited
1058,OMINFRAL,OM INFRA LIMITED
1059,OMKARCHEM,Omkar Speciality Chemicals Limited
1060,ONELIFECAP,Onelife Capital Advisors Limited
1061,ONEPOINT,One Point One Solutions Limited
1062,ONGC,Oil & Natural Gas Corporation Limited
1063,ONMOBILE,OnMobile Global Limited
1064,ONWARDTEC,Onward Technologies Limited
1065,OPTIEMUS,Optiemus Infracom Limited
1066,OPTOCIRCUI,Opto Circuits (India) Limited
1067,ORBTEXP,Orbit Exports Limited
1068,ORCHPHARMA,Orchid Pharma Limited
1069,ORICONENT,Oricon Enterprises Limited
1070,ORIENTABRA,Orient Abrasives Limited
1071,ORIENTALTL,Oriental Trimex Limited
1072,ORIENTBELL,Orient Bell Limited
1073,ORIENTCEM,Orient Cement Limited
1074,ORIENTELEC,Orient Electric Limited
1075,ORIENTHOT,Oriental Hotels Limited
1076,ORIENTLTD,Orient Press Limited
1077,ORIENTPPR,Orient Paper & Industries Limited
1078,ORIENTREF,Orient Refractories Limited
1079,ORISSAMINE,The Orissa Minerals Development Company Limited
1080,ORTEL,Ortel Communications Limited
1081,OSWALAGRO,Oswal Agro Mills Limited
1082,PAEL,PAE Limited
1083,PAGEIND,Page Industries Limited
1084,PAISALO,Paisalo Digital Limited
1085,PALASHSECU,Palash Securities Limited
1086,PALREDTEC,Palred Technologies Limited
1087,PANACEABIO,Panacea Biotec Limited
1088,PANACHE,Panache Digilife Limited
1089,PANAMAPET,Panama Petrochem Limited
1090,PARACABLES,Paramount Communications Limited
1091,PARAGMILK,Parag Milk Foods Limited
1092,PARSVNATH,Parsvnath Developers Limited
1093,PATELENG,Patel Engineering Limited
1094,PATINT-RE,Patel Integrated - Rights Entitlement
1095,PATINTLOG,Patel Integrated Logistics Limited
1096,PATSPINLTD,Patspin India Limited
1097,PCJEWELLER,PC Jeweller Limited
1098,PDMJEPAPER,Pudumjee Paper Products Limited
1099,PDSMFL,PDS Multinational Fashions Limited
1100,PEARLPOLY,Pearl Polymers Limited
1101,PEL,Piramal Enterprises Limited
1102,PENIND,Pennar Industries Limited
1103,PENINLAND,Peninsula Land Limited
1104,PERSISTENT,Persistent Systems Limited
1105,PETRONET,Petronet LNG Limited
1106,PFC,Power Finance Corporation Limited
1107,PFIZER,Pfizer Limited
1108,PFOCUS,Prime Focus Limited
1109,PFS,PTC India Financial Services Limited
1110,PGEL,PG Electroplast Limited
1111,PGHH,Procter & Gamble Hygiene and Health Care Limited
1112,PGHL,Procter & Gamble Health Limited
1113,PGIL,Pearl Global Industries Limited
1114,PHILIPCARB,Phillips Carbon Black Limited
1115,PHOENIXLTD,The Phoenix Mills Limited
1116,PIDILITIND,Pidilite Industries Limited
1117,PIIND,PI Industries Limited
1118,PILANIINVS,Pilani Investment and Industries Corporation Limited
1119,PILITA,PIL ITALICA LIFESTYLE LIMITED
1120,PIONDIST,Pioneer Distilleries Limited
1121,PIONEEREMB,Pioneer Embroideries Limited
1122,PITTIENG,Pitti Engineering Limited
1123,PKTEA,The Peria Karamalai Tea & Produce Company Limited
1124,PLASTIBLEN,Plastiblends India Limited
1125,PNB,Punjab National Bank
1126,PNBGILTS,PNB Gilts Limited
1127,PNBHOUSING,PNB Housing Finance Limited
1128,PNC,Pritish Nandy Communications Limited
1129,PNCINFRA,PNC Infratech Limited
1130,PODDARHOUS,Poddar Housing and Development Limited
1131,PODDARMENT,Poddar Pigments Limited
1132,POKARNA,Pokarna Limited
1133,POLYCAB,Polycab India Limited
1134,POLYMED,Poly Medicure Limited
1135,POLYPLEX,Polyplex Corporation Limited
1136,PONNIERODE,Ponni Sugars (Erode) Limited
1137,POWERGRID,Power Grid Corporation of India Limited
1138,POWERINDIA,ABB Power Products and Systems India Limited
1139,POWERMECH,Power Mech Projects Limited
1140,PPAP,PPAP Automotive Limited
1141,PPL,Prakash Pipes Limited
1142,PRABHAT,Prabhat Dairy Limited
1143,PRAENG,Prajay Engineers Syndicate Limited
1144,PRAJIND,Praj Industries Limited
1145,PRAKASH,Prakash Industries Limited
1146,PRAKASHSTL,Prakash Steelage Limited
1147,PRAXIS,Praxis Home Retail Limited
1148,PRECAM,Precision Camshafts Limited
1149,PRECOT,Precot Limited
1150,PRECWIRE,Precision Wires India Limited
1151,PREMEXPLN,Premier Explosives Limited
1152,PREMIER,Premier Limited
1153,PREMIERPOL,Premier Polyfilm Limited
1154,PRESSMN,Pressman Advertising Limited
1155,PRESTIGE,Prestige Estates Projects Limited
1156,PRICOLLTD,Pricol Limited
1157,PRIMESECU,Prime Securities Limited
1158,PRINCEPIPE,Prince Pipes And Fittings Limited
1159,PRIVISCL,Privi Speciality Chemicals Limited
1160,PROZONINTU,Prozone Intu Properties Limited
1161,PRSMJOHNSN,Prism Johnson Limited
1162,PSB,Punjab & Sind Bank
1163,PSPPROJECT,PSP Projects Limited
1164,PTC,PTC India Limited
1165,PTL,PTL Enterprises Limited
1166,PUNJABCHEM,Punjab Chemicals & Crop Protection Limited
1167,PUNJLLOYD,Punj Lloyd Limited
1168,PURVA,Puravankara Limited
1169,PVR,PVR Limited
1170,QUESS,Quess Corp Limited
1171,QUICKHEAL,Quick Heal Technologies Limited
1172,RADAAN,Radaan Mediaworks India Limited
1173,RADICO,Radico Khaitan Limited
1174,RADIOCITY,Music Broadcast Limited
1175,RAILTEL,Railtel Corporation Of India Limited
1176,RAIN,Rain Industries Limited
1177,RAJESHEXPO,Rajesh Exports Limited
1178,RAJMET,Rajnandini Metal Limited
1179,RAJRATAN,Rajratan Global Wire Limited
1180,RAJRAYON,Raj Rayon Industries Limited
1181,RAJSREESUG,Rajshree Sugars & Chemicals Limited
1182,RAJTV,Raj Television Network Limited
1183,RALLIS,Rallis India Limited
1184,RAMANEWS,Shree Rama Newsprint Limited
1185,RAMASTEEL,Rama Steel Tubes Limited
1186,RAMCOCEM,The Ramco Cements Limited
1187,RAMCOIND,Ramco Industries Limited
1188,RAMCOSYS,Ramco Systems Limited
1189,RAMKY,Ramky Infrastructure Limited
1190,RANASUG,Rana Sugars Limited
1191,RANEENGINE,Rane Engine Valve Limited
1192,RANEHOLDIN,Rane Holdings Limited
1193,RATNAMANI,Ratnamani Metals & Tubes Limited
1194,RAYMOND,Raymond Limited
1195,RBL,Rane Brake Lining Limited
1196,RBLBANK,RBL Bank Limited
1197,RCF,Rashtriya Chemicals and Fertilizers Limited
1198,RCOM,Reliance Communications Limited
1199,RECLTD,REC Limited
1200,REDINGTON,Redington (India) Limited
1201,REFEX,Refex Industries Limited
1202,RELAXO,Relaxo Footwears Limited
1203,RELCAPITAL,Reliance Capital Limited
1204,RELIANCE,Reliance Industries Limited
1205,RELIGARE,Religare Enterprises Limited
1206,RELINFRA,Reliance Infrastructure Limited
1207,REMSONSIND,Remsons Industries Limited
1208,RENUKA,Shree Renuka Sugars Limited
1209,REPCOHOME,Repco Home Finance Limited
1210,REPL,Rudrabhishek Enterprises Limited
1211,REPRO,Repro India Limited
1212,RESPONIND,Responsive Industries Limited
1213,REVATHI,Revathi Equipment Limited
1214,RGL,Renaissance Global Limited
1215,RHFL,Reliance Home Finance Limited
1216,RICOAUTO,Rico Auto Industries Limited
1217,RIIL,Reliance Industrial Infrastructure Limited
1218,RITES,RITES Limited
1219,RKDL,Ravi Kumar Distilleries Limited
1220,RKEC,RKEC Projects Limited
1221,RKFORGE,Ramkrishna Forgings Limited
1222,RMCL,Radha Madhav Corporation Limited
1223,RML,Rane (Madras) Limited
1224,RNAVAL,Reliance Naval and Engineering Limited
1225,ROHLTD,Royal Orchid Hotels Limited
1226,ROLLT,Rollatainers Limited
1227,ROLTA,Rolta India Limited
1228,ROML,Raj Oil Mills Limited
1229,ROSSARI,Rossari Biotech Limited
1230,ROSSELLIND,Rossell India Limited
1231,ROUTE,ROUTE MOBILE LIMITED
1232,RPGLIFE,RPG Life Sciences Limited
1233,RPOWER,Reliance Power Limited
1234,RPPINFRA,R.P.P. Infra Projects Limited
1235,RPSGVENT,RPSG VENTURES LIMITED
1236,RSSOFTWARE,R. S. Software (India) Limited
1237,RSWM,RSWM Limited
1238,RSYSTEMS,R Systems International Limited
1239,RTNINFRA,RattanIndia Infrastructure Limited
1240,RTNPOWER,RattanIndia Power Limited
1241,RUBYMILLS,The Ruby Mills Limited
1242,RUCHI,Ruchi Soya Industries Limited
1243,RUCHINFRA,Ruchi Infrastructure Limited
1244,RUCHIRA,Ruchira Papers Limited
1245,RUPA,Rupa & Company Limited
1246,RUSHIL,Rushil Decor Limited
1247,RVHL,Ravinder Heights Limited
1248,RVNL,Rail Vikas Nigam Limited
1249,S&SPOWER,S&S Power Switchgears Limited
1250,SABEVENTS,Sab Events & Governance Now Media Limited
1251,SABTN,Sri Adhikari Brothers Television Network Limited
1252,SADBHAV,Sadbhav Engineering Limited
1253,SADBHIN,Sadbhav Infrastructure Project Limited
1254,SAFARI,Safari Industries (India) Limited
1255,SAGARDEEP,Sagardeep Alloys Limited
1256,SAGCEM,Sagar Cements Limited
1257,SAIL,Steel Authority of India Limited
1258,SAKAR,Sakar Healthcare Limited
1259,SAKHTISUG,Sakthi Sugars Limited
1260,SAKSOFT,Saksoft Limited
1261,SAKUMA,Sakuma Exports Limited
1262,SALASAR,Salasar Techno Engineering Limited
1263,SALONA,Salona Cotspin Limited
1264,SALSTEEL,S.A.L. Steel Limited
1265,SALZERELEC,Salzer Electronics Limited
1266,SAMBHAAV,Sambhaav Media Limited
1267,SANCO,Sanco Industries Limited
1268,SANDESH,The Sandesh Limited
1269,SANDHAR,Sandhar Technologies Limited
1270,SANGAMIND,Sangam (India) Limited
1271,SANGHIIND,Sanghi Industries Limited
1272,SANGHVIFOR,Sanghvi Forging and Engineering Limited
1273,SANGHVIMOV,Sanghvi Movers Limited
1274,SANGINITA,Sanginita Chemicals Limited
1275,SANOFI,Sanofi India Limited
1276,SANWARIA,Sanwaria Consumer Limited
1277,SARDAEN,Sarda Energy & Minerals Limited
1278,SAREGAMA,Saregama India Limited
1279,SARLAPOLY,Sarla Performance Fibers Limited
1280,SASKEN,Sasken Technologies Limited
1281,SASTASUNDR,Sastasundar Ventures Limited
1282,SATIA,Satia Industries Limited
1283,SATIN,Satin Creditcare Network Limited
1284,SBICARD,SBI Cards and Payment Services Limited
1285,SBILIFE,SBI Life Insurance Company Limited
1286,SBIN,State Bank of India
1287,SCAPDVR,Stampede Capital Limited
1288,SCHAEFFLER,Schaeffler India Limited
1289,SCHAND,S Chand And Company Limited
1290,SCHNEIDER,Schneider Electric Infrastructure Limited
1291,SCI,Shipping Corporation Of India Limited
1292,SDBL,Som Distilleries & Breweries Limited
1293,SEAMECLTD,Seamec Limited
1294,SECURKLOUD,SECUREKLOUD TECHNOLOGIES LIMITED
1295,SELAN,Selan Exploration Technology Limited
1296,SELMCL,SEL Manufacturing Company Limited
1297,SEPOWER,S.E. Power Limited
1298,SEQUENT,Sequent Scientific Limited
1299,SESHAPAPER,Seshasayee Paper and Boards Limited
1300,SETCO,Setco Automotive Limited
1301,SETUINFRA,Setubandhan Infrastructure Limited
1302,SEYAIND,Seya Industries Limited
1303,SEZAL,Sezal Glass Limited
1304,SFL,Sheela Foam Limited
1305,SGL,STL Global Limited
1306,SHAHALLOYS,Shah Alloys Limited
1307,SHAKTIPUMP,Shakti Pumps (India) Limited
1308,SHALBY,Shalby Limited
1309,SHALPAINTS,Shalimar Paints Limited
1310,SHANKARA,Shankara Building Products Limited
1311,SHANTIGEAR,Shanthi Gears Limited
1312,SHARDACROP,Sharda Cropchem Limited
1313,SHARDAMOTR,Sharda Motor Industries Limited
1314,SHAREINDIA,Share India Securities Limited
1315,SHEMAROO,Shemaroo Entertainment Limited
1316,SHIL,Somany Home Innovation Limited
1317,SHILPAMED,Shilpa Medicare Limited
1318,SHIVAMAUTO,Shivam Autotech Limited
1319,SHIVAMILLS,Shiva Mills Limited
1320,SHIVATEX,Shiva Texyarn Limited
1321,SHK,S H Kelkar and Company Limited
1322,SHOPERSTOP,Shoppers Stop Limited
1323,SHRADHA,Shradha Infraprojects Limited
1324,SHREDIGCEM,Shree Digvijay Cement Co.Ltd
1325,SHREECEM,SHREE CEMENT LIMITED
1326,SHREEPUSHK,Shree Pushkar Chemicals & Fertilisers Limited
1327,SHREERAMA,Shree Rama Multi-Tech Limited
1328,SHRENIK,Shrenik Limited
1329,SHREYANIND,Shreyans Industries Limited
1330,SHREYAS,Shreyas Shipping & Logistics Limited
1331,SHRIPISTON,Shriram Pistons & Rings Limited
1332,SHRIRAMCIT,Shriram City Union Finance Limited
1333,SHRIRAMEPC,Shriram EPC Limited
1334,SHYAMCENT,Shyam Century Ferrous Limited
1335,SHYAMTEL,Shyam Telecom Limited
1336,SICAGEN,Sicagen India Limited
1337,SICAL,Sical Logistics Limited
1338,SIEMENS,Siemens Limited
1339,SIGIND,Signet Industries Limited
1340,SIL,Standard Industries Limited
1341,SILGO,Silgo Retail Limited
1342,SILINV,SIL Investments Limited
1343,SILLYMONKS,Silly Monks Entertainment Limited
1344,SIMBHALS,Simbhaoli Sugars Limited
1345,SIMPLEXINF,Simplex Infrastructures Limited
1346,SINTERCOM,Sintercom India Limited
1347,SINTEX,Sintex Industries Limited
1348,SIRCA,Sirca Paints India Limited
1349,SIS,SIS LIMITED
1350,SITINET,Siti Networks Limited
1351,SIYSIL,Siyaram Silk Mills Limited
1352,SJVN,SJVN Limited
1353,SKFINDIA,SKF India Limited
1354,SKIL,SKIL Infrastructure Limited
1355,SKIPPER,Skipper Limited
1356,SKMEGGPROD,SKM Egg Products Export (India) Limited
1357,SMARTLINK,Smartlink Holdings Limited
1358,SMCGLOBAL,SMC Global Securities Limited
1359,SMLISUZU,SML Isuzu Limited
1360,SMSLIFE,SMS Lifesciences India Limited
1361,SMSPHARMA,SMS Pharmaceuticals Limited
1362,SNOWMAN,Snowman Logistics Limited
1363,SOBHA,Sobha Limited
1364,SOLARA,Solara Active Pharma Sciences Limited
1365,SOLARINDS,Solar Industries India Limited
1366,SOMANYCERA,Somany Ceramics Limited
1367,SOMATEX,Soma Textiles & Industries Limited
1368,SOMICONVEY,Somi Conveyor Beltings Limited
1369,SONATSOFTW,Sonata Software Limited
1370,SORILINFRA,SORIL Infra Resources Limited
1371,SOTL,Savita Oil Technologies Limited
1372,SOUTHBANK,The South Indian Bank Limited
1373,SOUTHWEST,South West Pinnacle Exploration Limited
1374,SPAL,S. P. Apparels Limited
1375,SPANDANA,Spandana Sphoorty Financial Limited
1376,SPARC,Sun Pharma Advanced Research Company Limited
1377,SPECIALITY,Speciality Restaurants Limited
1378,SPENCERS,Spencer's Retail Limited
1379,SPENTEX,Spentex Industries Limited
1380,SPIC,Southern Petrochemicals Industries Corporation  Limited
1381,SPICEJET,SPICEJET LTD
1382,SPLIL,SPL Industries Limited
1383,SPMLINFRA,SPML Infra Limited
1384,SPTL,Sintex Plastics Technology Limited
1385,SPYL,Shekhawati Poly-Yarn Limited
1386,SREEL,Sreeleathers Limited
1387,SREINFRA,SREI Infrastructure Finance Limited
1388,SRF,SRF Limited
1389,SRHHYPOLTD,Sree Rayalaseema Hi-Strength Hypo Limited
1390,SRIPIPES,Srikalahasthi Pipes Limited
1391,SRPL,Shree Ram Proteins Limited
1392,SRTRANSFIN,Shriram Transport Finance Company Limited
1393,SSWL,Steel Strips Wheels Limited
1394,STAR,Strides Pharma Science Limited
1395,STARCEMENT,Star Cement Limited
1396,STARPAPER,Star Paper Mills Limited
1397,STCINDIA,The State Trading Corporation of India Limited
1398,STEELCITY,Steel City Securities Limited
1399,STEELXIND,STEEL EXCHANGE INDIA LIMITED
1400,STEL,Stel Holdings Limited
1401,STERTOOLS,Sterling Tools Limited
1402,STLTECH,Sterlite Technologies Limited
1403,STOVEKRAFT,Stove Kraft Limited
1404,SUBCAPCITY,International Constructions Limited
1405,SUBEXLTD,Subex Limited
1406,SUBROS,Subros Limited
1407,SUDARSCHEM,Sudarshan Chemical Industries Limited
1408,SUMICHEM,Sumitomo Chemical India Limited
1409,SUMIT,Sumit Woods Limited
1410,SUMMITSEC,Summit Securities Limited
1411,SUNCLAYLTD,Sundaram Clayton Limited
1412,SUNDARAM,Sundaram Multi Pap Limited
1413,SUNDARMFIN,Sundaram Finance Limited
1414,SUNDARMHLD,Sundaram Finance Holdings Limited
1415,SUNDRMBRAK,Sundaram Brake Linings Limited
1416,SUNDRMFAST,Sundram Fasteners Limited
1417,SUNFLAG,Sunflag Iron And Steel Company Limited
1418,SUNPHARMA,Sun Pharmaceutical Industries Limited
1419,SUNTECK,Sunteck Realty Limited
1420,SUNTV,Sun TV Network Limited
1421,SUPERHOUSE,Superhouse Limited
1422,SUPERSPIN,Super Spinning Mills Limited
1423,SUPPETRO,Supreme Petrochem Limited
1424,SUPRAJIT,Suprajit Engineering Limited
1425,SUPREMEENG,Supreme Engineering Limited
1426,SUPREMEIND,Supreme Industries Limited
1427,SURANASOL,Surana Solar Limited
1428,SURANAT&P,Surana Telecom and Power Limited
1429,SURYALAXMI,Suryalakshmi Cotton Mills Limited
1430,SURYAROSNI,Surya Roshni Limited
1431,SUTLEJTEX,Sutlej Textiles and Industries Limited
1432,SUULD,Suumaya Industries Limited
1433,SUVEN,Suven Life Sciences Limited
1434,SUVENPHAR,Suven Pharmaceuticals Limited
1435,SUZLON,Suzlon Energy Limited
1436,SWANENERGY,Swan Energy Limited
1437,SWARAJENG,Swaraj Engines Limited
1438,SWELECTES,Swelect Energy Systems Limited
1439,SWSOLAR,Sterling And Wilson Solar Limited
1440,SYMPHONY,Symphony Limited
1441,SYNCOM,Syncom Healthcare Limited
1442,SYNGENE,Syngene International Limited
1443,TAINWALCHM,Tainwala Chemical and Plastic (I) Limited
1444,TAJGVK,Taj GVK Hotels & Resorts Limited
1445,TAKE,Take Solutions Limited
1446,TALBROAUTO,Talbros Automotive Components Limited
1447,TANLA,Tanla Platforms Limited
1448,TANTIACONS,Tantia Constructions Limited
1449,TARC,Anant Raj Global Limited
1450,TARMAT,Tarmat Limited
1451,TASTYBITE,Tasty Bite Eatables Limited
1452,TATACHEM,Tata Chemicals Limited
1453,TATACOFFEE,Tata Coffee Limited
1454,TATACOMM,Tata Communications Limited
1455,TATACONSUM,TATA CONSUMER PRODUCTS LIMITED
1456,TATAELXSI,Tata Elxsi Limited
1457,TATAINVEST,Tata Investment Corporation Limited
1458,TATAMETALI,Tata Metaliks Limited
1459,TATAMOTORS,Tata Motors Limited
1460,TATAMTRDVR,Tata Motors Limited
1461,TATAPOWER,Tata Power Company Limited
1462,TATASTEEL,Tata Steel Limited
1463,TATASTLBSL,Tata Steel Bsl Limited
1464,TATASTLLP,Tata Steel Long Products Limited
1465,TBZ,Tribhovandas Bhimji Zaveri Limited
1466,TCI,Transport Corporation of India Limited
1467,TCIDEVELOP,TCI Developers Limited
1468,TCIEXP,TCI Express Limited
1469,TCIFINANCE,TCI Finance Limited
1470,TCNSBRANDS,TCNS Clothing Co. Limited
1471,TCPLPACK,TCPL Packaging Limited
1472,TCS,Tata Consultancy Services Limited
1473,TDPOWERSYS,TD Power Systems Limited
1474,TEAMLEASE,Teamlease Services Limited
1475,TECHIN,Techindia Nirman Limited
1476,TECHM,Tech Mahindra Limited
1477,TECHNOE,Techno Electric & Engineering Company Limited
1478,TEJASNET,Tejas Networks Limited
1479,TERASOFT,Tera Software Limited
1480,TEXINFRA,Texmaco Infrastructure & Holdings Limited
1481,TEXMOPIPES,Texmo Pipes and Products Limited
1482,TEXRAIL,Texmaco Rail & Engineering Limited
1483,TFCILTD,Tourism Finance Corporation of India Limited
1484,TFL,Transwarranty Finance Limited
1485,TGBHOTELS,TGB Banquets And Hotels Limited
1486,THANGAMAYL,Thangamayil Jewellery Limited
1487,THEINVEST,The Investment Trust Of India Limited
1488,THEMISMED,Themis Medicare Limited
1489,THERMAX,Thermax Limited
1490,THIRUSUGAR,Thiru Arooran Sugars Limited
1491,THOMASCOOK,Thomas Cook  (India)  Limited
1492,THOMASCOTT,Thomas Scott (India) Limited
1493,THYROCARE,Thyrocare Technologies Limited
1494,TI,Tilaknagar Industries Limited
1495,TIDEWATER,Tide Water Oil Company (India) Limited
1496,TIIL,Technocraft Industries (India) Limited
1497,TIINDIA,Tube Investments of India Limited
1498,TIJARIA,Tijaria Polypipes Limited
1499,TIL,TIL Limited
1500,TIMESGTY,Times Guaranty Limited
1501,TIMETECHNO,Time Technoplast Limited
1502,TIMKEN,Timken India Limited
1503,TINPLATE,The Tinplate Company of India Limited
1504,TIPSINDLTD,TIPS Industries Limited
1505,TIRUMALCHM,Thirumalai Chemicals Limited
1506,TIRUPATIFL,Tirupati Forge Limited
1507,TITAN,Titan Company Limited
1508,TMRVL,The Mandhana Retail Ventures Limited
1509,TNPETRO,Tamilnadu PetroProducts Limited
1510,TNPL,Tamil Nadu Newsprint & Papers Limited
1511,TNTELE,Tamilnadu Telecommunication Limited
1512,TOKYOPLAST,Tokyo Plast International Limited
1513,TORNTPHARM,Torrent Pharmaceuticals Limited
1514,TORNTPOWER,Torrent Power Limited
1515,TOTAL,Total Transport Systems Limited
1516,TOUCHWOOD,Touchwood Entertainment Limited
1517,TPLPLASTEH,TPL Plastech Limited
1518,TREEHOUSE,Tree House Education & Accessories Limited
1519,TREJHARA,TREJHARA SOLUTIONS LIMITED
1520,TRENT,Trent Limited
1521,TRF,TRF Limited
1522,TRIDENT,Trident Limited
1523,TRIGYN,Trigyn Technologies Limited
1524,TRIL,Transformers And Rectifiers (India) Limited
1525,TRITURBINE,Triveni Turbine Limited
1526,TRIVENI,Triveni Engineering & Industries Limited
1527,TTKHLTCARE,TTK Healthcare Limited
1528,TTKPRESTIG,TTK Prestige Limited
1529,TTL,T T Limited
1530,TTML,Tata Teleservices (Maharashtra) Limited
1531,TV18BRDCST,TV18 Broadcast Limited
1532,TVSELECT,TVS Electronics Limited
1533,TVSMOTOR,TVS Motor Company Limited
1534,TVSSRICHAK,TVS Srichakra Limited
1535,TVTODAY,TV Today Network Limited
1536,TVVISION,TV Vision Limited
1537,TWL,Titagarh Wagons Limited
1538,UBL,United Breweries Limited
1539,UCALFUEL,Ucal Fuel Systems Limited
1540,UCOBANK,UCO Bank
1541,UFLEX,UFLEX Limited
1542,UFO,UFO Moviez India Limited
1543,UGARSUGAR,The Ugar Sugar Works Limited
1544,UJAAS,Ujaas Energy Limited
1545,UJJIVAN,Ujjivan Financial Services Limited
1546,UJJIVANSFB,Ujjivan Small Finance Bank Limited
1547,ULTRACEMCO,UltraTech Cement Limited
1548,UMANGDAIRY,Umang Dairies Limited
1549,UMESLTD,Usha Martin Education & Solutions Limited
1550,UNICHEMLAB,Unichem Laboratories Limited
1551,UNIDT,United Drilling Tools Limited
1552,UNIENTER,Uniphos Enterprises Limited
1553,UNIONBANK,Union Bank of India
1554,UNITECH,Unitech Limited
1555,UNITEDTEA,The United Nilgiri Tea Estates Company Limited
1556,UNITY,Unity Infraprojects Limited
1557,UNIVASTU,Univastu India Limited
1558,UNIVCABLES,Universal Cables Limited
1559,UNIVPHOTO,Universus Photo Imagings Limited
1560,UPL,UPL Limited
1561,URJA,Urja Global Limited
1562,USHAMART,Usha Martin Limited
1563,UTIAMC,UTI Asset Management Company Limited
1564,UTTAMSTL,Uttam Galva Steels Limited
1565,UTTAMSUGAR,Uttam Sugar Mills Limited
1566,V2RETAIL,V2 Retail Limited
1567,VADILALIND,Vadilal Industries Limited
1568,VAIBHAVGBL,Vaibhav Global Limited
1569,VAISHALI,Vaishali Pharma Limited
1570,VAKRANGEE,Vakrangee Limited
1571,VALIANTORG,Valiant Organics Limited
1572,VARDHACRLC,Vardhman Acrylics Limited
1573,VARDMNPOLY,Vardhman Polytex Limited
1574,VARROC,Varroc Engineering Limited
1575,VASCONEQ,Vascon Engineers Limited
1576,VASWANI,Vaswani Industries Limited
1577,VBL,Varun Beverages Limited
1578,VEDL,Vedanta Limited
1579,VENKEYS,Venky's (India) Limited
1580,VENUSREM,Venus Remedies Limited
1581,VERTOZ,Vertoz Advertising Limited
1582,VESUVIUS,Vesuvius India Limited
1583,VETO,Veto Switchgears And Cables Limited
1584,VGUARD,V-Guard Industries Limited
1585,VHL,Vardhman Holdings Limited
1586,VICEROY,Viceroy Hotels Limited
1587,VIDEOIND,Videocon Industries Limited
1588,VIDHIING,Vidhi Specialty Food Ingredients Limited
1589,VIJIFIN,Viji Finance Limited
1590,VIKASECO,Vikas EcoTech Limited
1591,VIKASMCORP,Vikas Multicorp Limited
1592,VIKASPROP,Vikas Proppant & Granite Limited
1593,VIKASWSP,Vikas WSP Limited
1594,VIMTALABS,Vimta Labs Limited
1595,VINATIORGA,Vinati Organics Limited
1596,VINDHYATEL,Vindhya Telelinks Limited
1597,VINYLINDIA,Vinyl Chemicals (India) Limited
1598,VIPCLOTHNG,VIP Clothing Limited
1599,VIPIND,VIP Industries Limited
1600,VIPULLTD,Vipul Limited
1601,VISAKAIND,Visaka Industries Limited
1602,VISASTEEL,Visa Steel Limited
1603,VISHAL,Vishal Fabrics Limited
1604,VISHNU,Vishnu Chemicals Limited
1605,VISHWARAJ,Vishwaraj Sugar Industries Limited
1606,VIVIDHA,Visagar Polytex Limited
1607,VIVIMEDLAB,Vivimed Labs Limited
1608,VLSFINANCE,VLS Finance Limited
1609,VMART,V-Mart Retail Limited
1610,VOLTAMP,Voltamp Transformers Limited
1611,VOLTAS,Voltas Limited
1612,VRLLOG,VRL Logistics Limited
1613,VSSL,Vardhman Special Steels Limited
1614,VSTIND,VST Industries Limited
1615,VSTTILLERS,V.S.T Tillers Tractors Limited
1616,VTL,Vardhman Textiles Limited
1617,WABAG,VA Tech Wabag Limited
1618,WABCOINDIA,WABCO India Limited
1619,WALCHANNAG,Walchandnagar Industries Limited
1620,WANBURY,Wanbury Limited
1621,WATERBASE,Waterbase Limited
1622,WEALTH,Wealth First Portfolio Managers Limited
1623,WEBELSOLAR,Websol Energy System Limited
1624,WEIZMANIND,Weizmann Limited
1625,WELCORP,Welspun Corp Limited
1626,WELENT,Welspun Enterprises Limited
1627,WELINV,Welspun Investments and Commercials Limited
1628,WELSPUNIND,Welspun India Limited
1629,WENDT,Wendt (India) Limited
1630,WESTLIFE,Westlife Development Ltd
1631,WHEELS,Wheels India Limited
1632,WHIRLPOOL,Whirlpool of India Limited
1633,WILLAMAGOR,Williamson Magor & Company Limited
1634,WINDMACHIN,Windsor Machines Limited
1635,WIPL,The Western India Plywoods Limited
1636,WIPRO,Wipro Limited
1637,WOCKPHARMA,Wockhardt Limited
1638,WONDERLA,Wonderla Holidays Limited
1639,WORTH,Worth Peripherals Limited
1640,WSI,W S Industries (I) Limited
1641,WSTCSTPAPR,West Coast Paper Mills Limited
1642,XCHANGING,Xchanging Solutions Limited
1643,XELPMOC,Xelpmoc Design And Tech Limited
1644,XPROINDIA,Xpro India Limited
1645,YAARII,Yaarii Digital Integrated Services Limited
1646,YESBANK,Yes Bank Limited
1647,ZEEL,Zee Entertainment Enterprises Limited
1648,ZEELEARN,Zee Learn Limited
1649,ZEEMEDIA,Zee Media Corporation Limited
1650,ZENITHEXPO,Zenith Exports Limited
1651,ZENSARTECH,Zensar Technologies Limited
1652,ZENTEC,Zen Technologies Limited
1653,ZODIACLOTH,Zodiac Clothing Company Limited
1654,ZODJRDMKJ,Zodiac JRD- MKJ Limited
1655,ZOTA,Zota Health Care LImited
1656,ZUARI,Zuari Agro Chemicals Limited
1657,ZUARIGLOB,Zuari Global Limited
1658,ZYDUSWELL,Zydus Wellness Limited
