Name,Number,Price,Type
Reliance Industries Ltd,1056.1799999999998,1991.45,"Focused,Contra,Value,Large and Mid Cap,Mid Cap,Large Cap,Small Cap,Multi Cap"
Housing Development Finance Corporation Ltd,614.59,2470.75,"Focused,Value,Large and Mid Cap,Large Cap,Multi Cap"
HDFC Bank Ltd,1720.6600000000003,1483.45,"Focused,Contra,Value,Large and Mid Cap,Mid Cap,Large Cap,Small Cap,Multi Cap"
Infosys Ltd,1514.58,1334.8,"Focused,Contra,Value,Large and Mid Cap,Mid Cap,Large Cap,Small Cap,Multi Cap"
Adani Ports And Special Economic Zone Ltd,16.160000000000004,700.45,"Focused,Value,Large and Mid Cap,Large Cap,Small Cap,Multi Cap"
ICICI Bank Ltd,1818.0100000000016,581.6,"Focused,Contra,Value,Large and Mid Cap,Mid Cap,Large Cap,Small Cap,Multi Cap"
State Bank Of India,834.9900000000005,361.55,"Focused,Contra,Value,Large and Mid Cap,Mid Cap,Large Cap,Small Cap,Multi Cap"
Tata Consultancy Services Ltd,485.5999999999999,3053.1,"Focused,Contra,Value,Large and Mid Cap,Large Cap,Small Cap,Multi Cap"
Kotak Mahindra Bank Ltd,361.8,1783.75,"Focused,Contra,Value,Large and Mid Cap,Mid Cap,Large Cap,Small Cap,Multi Cap"
Maruti Suzuki India Ltd,299.5400000000002,6831.8,"Focused,Contra,Value,Large and Mid Cap,Large Cap,Small Cap,Multi Cap"
Hindustan Unilever Ltd,263.5200000000001,2237.05,"Focused,Contra,Value,Large and Mid Cap,Mid Cap,Large Cap,Multi Cap"
ITC Limited,346.0199999999999,211.6,"Focused,Contra,Value,Large and Mid Cap,Mid Cap,Large Cap,Small Cap,Multi Cap"
Larsen  Toubro Ltd,549.7099999999999,1371.1,"Focused,Contra,Value,Large and Mid Cap,Large Cap,Small Cap,Multi Cap"
Axis Bank Ltd,743.7,694.6,"Focused,Contra,Value,Large and Mid Cap,Mid Cap,Large Cap,Small Cap,Multi Cap"
Bajaj Finance Ltd,380.0800000000001,5122.2,"Focused,Value,Large and Mid Cap,Mid Cap,Large Cap,Small Cap,Multi Cap"
Bharti Airtel Ltd,917.0599999999998,507.75,"Focused,Contra,Value,Large and Mid Cap,Mid Cap,Large Cap,Small Cap,Multi Cap"
Asian Paints india Ltd,80.71999999999998,2428.85,"Focused,Value,Large and Mid Cap,Large Cap,Multi Cap"
Tata Motors Ltd,93.2,293.0,"Focused,Contra,Value,Large and Mid Cap,Large Cap,Small Cap,Multi Cap"
Ultratech Cement Ltd,279.01999999999987,6666.5,"Focused,Contra,Value,Large and Mid Cap,Large Cap,Multi Cap"
Bajaj Finserv Ltd,69.22,9057.55,"Focused,Value,Large and Mid Cap,Large Cap,Small Cap,Multi Cap"
Sun Pharmaceutical Industries Ltd,255.68999999999997,577.4,"Focused,Contra,Value,Large and Mid Cap,Mid Cap,Large Cap,Small Cap,Multi Cap"
HCL Technologies Limited,353.6199999999999,962.75,"Focused,Contra,Value,Large and Mid Cap,Mid Cap,Large Cap,Multi Cap"
Mahindra  Mahindra Ltd,235.39,808.9,"Focused,Contra,Value,Large and Mid Cap,Mid Cap,Large Cap,Multi Cap"
Wipro Ltd,105.14,399.65,"Focused,Value,Large and Mid Cap,Mid Cap,Large Cap,Multi Cap"
Cipla Ltd,181.9600000000001,789.15,"Focused,Contra,Value,Large and Mid Cap,Large Cap,Multi Cap"
Titan Company Ltd,131.65999999999994,1473.3,"Focused,Contra,Value,Large and Mid Cap,Large Cap,Multi Cap"
Divis Laboratories Ltd,172.59999999999997,3427.05,"Focused,Value,Large and Mid Cap,Mid Cap,Large Cap,Small Cap,Multi Cap"
Tech Mahindra Ltd,171.89999999999992,985.85,"Focused,Contra,Value,Large and Mid Cap,Large Cap,Multi Cap"
Nestle India Ltd,64.94,16290.0,"Multi Cap,Large Cap,Large and Mid Cap,Focused"
Dr Reddys Laboratories Ltd,184.9600000000001,4380.55,"Focused,Contra,Value,Large and Mid Cap,Mid Cap,Large Cap,Small Cap,Multi Cap"
Tata Steel Ltd,175.74,729.6,"Focused,Contra,Value,Large and Mid Cap,Mid Cap,Large Cap,Multi Cap"
Bajaj Auto Ltd,64.36000000000001,3563.05,"Contra,Value,Large and Mid Cap,Large Cap,Multi Cap"
Hindalco Industries Ltd,126.12000000000003,321.8,"Focused,Value,Large and Mid Cap,Large Cap,Multi Cap"
Power Grid Corporation of India Ltd,52.88,216.4,"Focused,Contra,Value,Large and Mid Cap,Large Cap,Multi Cap"
Indusind Bank Ltd,100.76000000000003,957.8,"Focused,Contra,Value,Large and Mid Cap,Mid Cap,Large Cap,Multi Cap"
HDFC Life Insurance Company Ltd,110.34000000000002,673.85,"Focused,Value,Large and Mid Cap,Large Cap,Multi Cap"
Hero Motocorp Ltd,53.45999999999999,2966.55,"Focused,Value,Large and Mid Cap,Large Cap,Small Cap,Multi Cap"
Oil  Natural Gas Corporation Ltd,43.12,102.3,"Contra,Value,Large Cap,Large and Mid Cap"
Britannia Industries Ltd,49.640000000000015,3477.75,"Multi Cap,Large Cap,Large and Mid Cap,Focused"
UPL Ltd,19.02,595.65,"Value,Large and Mid Cap,Mid Cap,Large Cap,Small Cap"
Bharat Petroleum Corporation Ltd,285.61,418.95,"Focused,Contra,Value,Large and Mid Cap,Mid Cap,Large Cap,Multi Cap"
Shree Cement Ltd,143.82000000000002,27996.05,"Focused,Contra,Value,Large and Mid Cap,Mid Cap,Large Cap,Multi Cap"
SBI Life Insurance Co Ltd,112.63,864.1,"Focused,Contra,Value,Large and Mid Cap,Mid Cap,Large Cap,Small Cap,Multi Cap"
Coal India Ltd,52.81999999999999,128.1,"Focused,Value,Large and Mid Cap,Large Cap,Multi Cap"
National Thermal Power Corporation Ltd,263.6,103.0,"Focused,Contra,Value,Large and Mid Cap,Mid Cap,Large Cap,Multi Cap"
GAIL India Ltd,95.95999999999998,130.85,"Focused,Contra,Value,Large and Mid Cap,Large Cap,Multi Cap"
Indian Oil Corporation Ltd,53.360000000000014,91.8,"Focused,Contra,Value,Large and Mid Cap,Large Cap"
Eicher Motors Ltd,64.28000000000002,2580.45,"Focused,Value,Large and Mid Cap,Mid Cap,Large Cap,Multi Cap"
J S W Steel Ltd,10.659999999999998,436.65,"Value,Large Cap,Large and Mid Cap"
Aurobindo Pharma Ltd,52.12000000000001,843.8,"Focused,Contra,Value,Large and Mid Cap,Mid Cap,Large Cap,Small Cap,Multi Cap"
Avenue Supermarts Ltd,222.3,2796.0,"Focused,Value,Large and Mid Cap,Mid Cap,Large Cap,Multi Cap"
Muthoot Finance Pvt Ltd,90.36,1187.05,"Focused,Value,Large and Mid Cap,Mid Cap,Large Cap,Multi Cap"
Tata Consumer Products Ltd,213.3400000000001,619.3,"Focused,Value,Large and Mid Cap,Mid Cap,Large Cap,Small Cap,Multi Cap"
Dabur India Ltd,43.24,517.35,"Focused,Value,Large and Mid Cap,Mid Cap,Large Cap,Multi Cap"
Godrej Consumer Products Ltd,51.57999999999998,679.8,"Focused,Contra,Value,Large and Mid Cap,Mid Cap,Large Cap,Multi Cap"
Sandhar Technologies Ltd,14.080000000000002,208.6,"Multi Cap,Value,Large Cap,Small Cap"
Pidilite Industries Ltd,28.839999999999996,1774.15,"Focused,Large and Mid Cap,Mid Cap,Large Cap,Multi Cap"
Persistent Systems Ltd,161.34,1778.6,"Contra,Value,Large and Mid Cap,Mid Cap,Large Cap,Small Cap,Multi Cap"
SBI Cards and Payment Services Ltd,119.99,924.3,"Focused,Contra,Value,Large and Mid Cap,Mid Cap,Large Cap,Multi Cap"
ICICI Lombard General Insurance Co Ltd,180.22999999999996,1397.2,"Focused,Contra,Value,Large and Mid Cap,Mid Cap,Large Cap,Small Cap,Multi Cap"
Indian Railway Catering and Tourism Corporation Ltd,127.01999999999998,1735.15,"Focused,Value,Large and Mid Cap,Mid Cap,Large Cap,Small Cap,Multi Cap"
Cadila Healthcare Ltd,79.58000000000004,416.65,"Focused,Contra,Value,Large and Mid Cap,Mid Cap,Large Cap,Small Cap,Multi Cap"
Container Corporation Of India Ltd,73.12000000000003,570.95,"Focused,Contra,Value,Large and Mid Cap,Mid Cap,Large Cap,Small Cap,Multi Cap"
Motherson Sumi Systems Ltd,122.87000000000002,196.05,"Focused,Contra,Value,Large and Mid Cap,Mid Cap,Large Cap,Small Cap,Multi Cap"
Page Industries Ltd,93.53,29524.85,"Focused,Contra,Large and Mid Cap,Mid Cap,Large Cap,Multi Cap"
Max Financial Services Ltd,302.35,864.85,"Focused,Contra,Value,Large and Mid Cap,Mid Cap,Large Cap,Small Cap,Multi Cap"
Schaeffler India Ltd,60.26000000000002,5270.7,"Large and Mid Cap,Mid Cap,Large Cap,Small Cap,Multi Cap"
The Ramco Cements Ltd,169.10999999999996,964.2,"Focused,Contra,Value,Large and Mid Cap,Mid Cap,Large Cap,Small Cap,Multi Cap"
Gland Pharma Ltd,79.42,2449.25,"Focused,Large and Mid Cap,Mid Cap,Large Cap,Small Cap,Multi Cap"
United Breweries Ltd,51.59000000000001,1221.9,"Focused,Contra,Value,Large and Mid Cap,Mid Cap,Large Cap,Multi Cap"
DR LAL PATHLABS Ltd,42.080000000000005,2496.5,"Focused,Value,Large and Mid Cap,Mid Cap,Large Cap,Small Cap,Multi Cap"
Gujarat State Petronet Ltd,122.28000000000002,268.0,"Focused,Contra,Value,Large and Mid Cap,Mid Cap,Large Cap,Small Cap,Multi Cap"
Indraprastha Gas Ltd,65.6,505.8,"Focused,Value,Large and Mid Cap,Mid Cap,Large Cap,Small Cap,Multi Cap"
Solar Industries India Ltd,54.760000000000005,1305.8,"Focused,Large and Mid Cap,Mid Cap,Large Cap,Small Cap,Multi Cap"
Coromandel International Ltd,156.60000000000002,754.35,"Focused,Contra,Value,Large and Mid Cap,Mid Cap,Large Cap,Small Cap,Multi Cap"
Bharat Forge Ltd,106.22,584.9,"Focused,Value,Large and Mid Cap,Mid Cap,Large Cap,Small Cap,Multi Cap"
Au Small Finance Bank Ltd,109.09,1155.3,"Focused,Contra,Value,Large and Mid Cap,Mid Cap,Large Cap,Small Cap,Multi Cap"
Bata India Ltd,66.74000000000001,1429.7,"Focused,Large and Mid Cap,Mid Cap,Large Cap,Small Cap,Multi Cap"
Petronet LNG Ltd,84.89999999999998,224.3,"Focused,Contra,Value,Large and Mid Cap,Mid Cap,Large Cap,Multi Cap"
Oberoi Realty Ltd,27.140000000000008,553.8,"Contra,Value,Large and Mid Cap,Mid Cap,Large Cap,Multi Cap"
Gujarat Gas Ltd,140.77999999999997,510.1,"Focused,Contra,Value,Large and Mid Cap,Mid Cap,Large Cap,Multi Cap"
Mahindra Lifespace Developers Ltd,18.88,540.6,"Value,Large and Mid Cap,Large Cap,Small Cap,Multi Cap"
Reliance Industries Ltd  Partly Paid,131.25999999999996,1084.2,"Focused,Contra,Value,Large and Mid Cap,Large Cap,Small Cap,Multi Cap"
Bajaj Electricals Ltd,20.08,933.6,"Multi Cap,Value,Large Cap,Small Cap"
Jubilant Foodworks Ltd,146.88,2873.05,"Focused,Contra,Value,Large and Mid Cap,Mid Cap,Large Cap,Small Cap,Multi Cap"
SKF India Ltd,55.46000000000001,2172.25,"Focused,Value,Large and Mid Cap,Mid Cap,Large Cap,Small Cap"
Sanofi India Ltd,52.46000000000001,7775.15,"Large and Mid Cap,Mid Cap,Large Cap,Small Cap,Multi Cap"
Balkrishna Industries Ltd,93.86,1606.2,"Focused,Value,Large and Mid Cap,Mid Cap,Large Cap,Small Cap,Multi Cap"
Indian Energy Exchange Ltd,62.43999999999999,342.15,"Focused,Large and Mid Cap,Mid Cap,Large Cap,Small Cap,Multi Cap"
Aditya Birla Fashion and Retail Ltd,132.34,197.15,"Contra,Value,Large and Mid Cap,Mid Cap,Large Cap,Small Cap,Multi Cap"
InterGlobe Aviation Ltd,30.3,1636.85,"Focused,Contra,Value,Large and Mid Cap,Mid Cap,Large Cap,Multi Cap"
Cholamandalam Investment  Finance Co Ltd,276.26000000000016,554.45,"Focused,Value,Large and Mid Cap,Mid Cap,Large Cap,Small Cap,Multi Cap"
3M India Ltd,53.36,27642.6,"Value,Large and Mid Cap,Mid Cap,Large Cap,Small Cap,Multi Cap"
Metropolis Healthcare Ltd,58.63999999999999,2009.05,"Focused,Large and Mid Cap,Mid Cap,Large Cap,Small Cap,Multi Cap"
Cummins India Ltd,158.92,855.55,"Value,Large and Mid Cap,Mid Cap,Large Cap,Small Cap,Multi Cap"
Blue Star Ltd,72.27999999999997,872.9,"Focused,Large and Mid Cap,Mid Cap,Large Cap,Small Cap,Multi Cap"
United Spirits Ltd,55.650000000000006,550.7,"Focused,Contra,Value,Large and Mid Cap,Mid Cap,Large Cap,Small Cap,Multi Cap"
Tata Motors Ltd  A Class,39.02,125.6,"Value,Large and Mid Cap,Mid Cap,Large Cap,Multi Cap"
Aditya Birla Fashion and Retail Ltd  Partly Paid,4.800000000000001,162.4,"Value,Large and Mid Cap,Mid Cap,Large Cap,Small Cap,Multi Cap"
Voltas Limited,298.79,980.5,"Focused,Contra,Value,Large and Mid Cap,Mid Cap,Large Cap,Small Cap,Multi Cap"
Crompton Greaves Consumer Electricals Ltd,221.14,371.1,"Focused,Contra,Value,Large and Mid Cap,Mid Cap,Large Cap,Small Cap,Multi Cap"
Pi Industries Ltd,223.14,2317.4,"Focused,Value,Large and Mid Cap,Mid Cap,Large Cap,Small Cap,Multi Cap"
Mphasis Ltd,201.19999999999996,1654.4,"Focused,Contra,Value,Large and Mid Cap,Mid Cap,Large Cap,Small Cap,Multi Cap"
Whirlpool Of India Ltd,132.58000000000007,2177.5,"Focused,Value,Large and Mid Cap,Mid Cap,Large Cap,Small Cap,Multi Cap"
Kansai Nerolac Paints Ltd,78.17999999999999,556.2,"Focused,Value,Large and Mid Cap,Mid Cap,Large Cap,Small Cap,Multi Cap"
Abbott India Ltd,31.46,14856.6,"Focused,Value,Large and Mid Cap,Mid Cap,Large Cap,Small Cap"
Lupin Ltd,113.22,987.65,"Focused,Contra,Value,Large and Mid Cap,Large Cap,Small Cap,Multi Cap"
Hindustan Petroleum Corporation Ltd,119.58,231.15,"Focused,Contra,Value,Large and Mid Cap,Mid Cap,Large Cap,Small Cap,Multi Cap"
Marico Ltd,12.98,398.9,"Multi Cap,Large Cap,Large and Mid Cap"
Bosch Ltd,84.56000000000003,13651.1,"Focused,Contra,Value,Large and Mid Cap,Mid Cap,Large Cap,Small Cap,Multi Cap"
Ambuja Cements Ltd,57.12000000000002,298.75,"Focused,Value,Large and Mid Cap,Large Cap,Multi Cap"
Hindustan Aeronautics Ltd,18.4,992.35,"Focused,Value,Large Cap,Small Cap,Multi Cap"
NMDC LTD,57.84,126.5,"Contra,Value,Large and Mid Cap,Mid Cap,Large Cap,Multi Cap"
DLF Ltd,18.22000000000001,281.95,"Multi Cap,Large Cap,Large and Mid Cap,Focused"
Siemens Ltd,71.68,1829.85,"Focused,Value,Large and Mid Cap,Mid Cap,Large Cap,Small Cap,Multi Cap"
Colgate  Palmolive India Limited,17.7,1530.25,"Multi Cap,Large Cap,Focused"
Associated Cement Companies Ltd,95.58,1883.75,"Focused,Value,Large and Mid Cap,Mid Cap,Large Cap,Small Cap,Multi Cap"
ICICI Prudential Life Insurance Co Ltd,30.34,430.05,"Contra,Value,Large and Mid Cap,Large Cap,Multi Cap"
Larsen  Toubro Infotech Ltd,65.54,3888.5,"Focused,Value,Large and Mid Cap,Mid Cap,Large Cap,Small Cap,Multi Cap"
Varun Beverages Ltd,105.14,990.0,"Focused,Large and Mid Cap,Mid Cap,Large Cap,Small Cap,Multi Cap"
Honeywell Automation India Ltd,142.2800000000001,44600.55,"Focused,Value,Large and Mid Cap,Mid Cap,Large Cap,Small Cap,Multi Cap"
Torrent Pharmaceuticals Ltd,74.80000000000004,2464.4,"Focused,Contra,Value,Large and Mid Cap,Mid Cap,Large Cap,Small Cap,Multi Cap"
ABB India Ltd,58.04000000000002,1391.9,"Focused,Contra,Large and Mid Cap,Mid Cap,Large Cap,Multi Cap"
Suprajit Engineering Ltd,15.86,270.4,"Multi Cap,Large Cap,Small Cap"
Birlasoft Ltd,64.72,247.95,"Contra,Value,Large and Mid Cap,Mid Cap,Large Cap,Small Cap,Multi Cap"
Happiest Minds Technologies Ltd,73.46000000000001,525.85,"Focused,Mid Cap,Large Cap,Small Cap,Multi Cap"
LIC Housing Finance Ltd,91.14,420.2,"Focused,Value,Large and Mid Cap,Mid Cap,Large Cap,Small Cap,Multi Cap"
Bharat Electronics Ltd,192.37999999999997,121.0,"Focused,Contra,Value,Large and Mid Cap,Mid Cap,Large Cap,Small Cap,Multi Cap"
Vinati Organics Ltd,57.94,1408.2,"Value,Large and Mid Cap,Mid Cap,Large Cap,Small Cap,Multi Cap"
ICICI Securities Ltd,42.24,398.55,"Value,Large and Mid Cap,Mid Cap,Large Cap,Small Cap,Multi Cap"
MRF Ltd,76.58000000000003,82428.0,"Focused,Value,Large and Mid Cap,Mid Cap,Large Cap,Multi Cap"
Mindtree Ltd,105.6,1963.0,"Focused,Value,Large and Mid Cap,Mid Cap,Large Cap,Small Cap,Multi Cap"
Procter  Gamble Hygiene  Health Care Ltd,28.24000000000001,12856.55,"Focused,Mid Cap,Large Cap,Small Cap"
Astral Poly Technik Ltd,97.62000000000003,1518.5,"Focused,Large and Mid Cap,Mid Cap,Large Cap,Small Cap,Multi Cap"
Federal Bank Ltd,232.72999999999996,77.95,"Focused,Contra,Value,Large and Mid Cap,Mid Cap,Large Cap,Small Cap,Multi Cap"
Phoenix Mills Ltd,167.1200000000002,770.45,"Focused,Contra,Value,Large and Mid Cap,Mid Cap,Large Cap,Small Cap,Multi Cap"
Shriram Transport Finance Co Ltd,28.90000000000001,1372.0,"Value,Mid Cap,Large Cap,Large and Mid Cap"
Alkem Laboratories Ltd,50.86000000000001,2637.6,"Focused,Contra,Value,Large and Mid Cap,Mid Cap,Large Cap,Small Cap"
Ashok Leyland Ltd,179.29999999999993,113.4,"Focused,Contra,Value,Large and Mid Cap,Mid Cap,Large Cap,Small Cap,Multi Cap"
Godrej Properties Ltd,60.94,1379.15,"Focused,Large and Mid Cap,Mid Cap,Large Cap,Multi Cap"
SRF Ltd,131.98000000000002,5301.6,"Focused,Contra,Value,Large and Mid Cap,Mid Cap,Large Cap,Small Cap,Multi Cap"
Central Depository Services India Ltd,38.02000000000002,640.0,"Value,Large and Mid Cap,Mid Cap,Large Cap,Small Cap,Multi Cap"
Exide Industries Ltd,49.06,182.75,"Focused,Value,Large and Mid Cap,Mid Cap,Large Cap"
Carborundum Universal Ltd,85.87999999999998,453.4,"Contra,Value,Large and Mid Cap,Mid Cap,Large Cap,Small Cap,Multi Cap"
Canara Bank,71.63999999999999,143.4,"Value,Large and Mid Cap,Mid Cap,Large Cap,Multi Cap"
Narayana Hrudayalaya Ltd,38.82,391.3,"Value,Large and Mid Cap,Mid Cap,Large Cap,Small Cap,Multi Cap"
Grindwell Norton Ltd,130.28999999999994,867.6,"Multi Cap,Mid Cap,Large Cap,Small Cap"
Rural Electrification Corporation Limited,10.699999999999998,132.3,"Multi Cap,Mid Cap,Large Cap"
CRISIL Ltd,15.34,1915.35,"Multi Cap,Mid Cap,Large Cap,Large and Mid Cap"
HDFC Asset Management Co Ltd,11.56,2837.35,"Multi Cap,Value,Large Cap"
Vedanta Ltd,26.1,222.15,"Value,Large Cap,Large and Mid Cap"
Graphite India Ltd,44.440000000000005,478.45,"Value,Large and Mid Cap,Mid Cap,Large Cap,Small Cap,Multi Cap"
Indiamart Intermesh Ltd,25.340000000000003,7838.25,"Large and Mid Cap,Mid Cap,Large Cap,Small Cap,Multi Cap"
DCB Bank Ltd,80.20999999999998,102.75,"Contra,Mid Cap,Large Cap,Small Cap,Multi Cap"
City Union Bank Ltd,167.72000000000003,162.8,"Value,Large and Mid Cap,Mid Cap,Large Cap,Small Cap,Multi Cap"
Timken India Ltd,97.83999999999996,1230.0,"Value,Mid Cap,Large Cap,Small Cap,Multi Cap"
Sterlite Technologies Ltd,19.94,197.65,"Large and Mid Cap,Mid Cap,Large Cap,Small Cap,Multi Cap"
Relaxo Footwears Ltd,47.93999999999999,855.1,"Focused,Large and Mid Cap,Mid Cap,Large Cap,Small Cap,Multi Cap"
Amber Enterprises India Ltd,93.67000000000004,3038.15,"Value,Large and Mid Cap,Mid Cap,Large Cap,Small Cap,Multi Cap"
Can Fin Homes Ltd,110.19999999999996,578.7,"Contra,Value,Large and Mid Cap,Mid Cap,Large Cap,Small Cap,Multi Cap"
Bayer Cropscience Ltd,55.93999999999999,5004.45,"Focused,Value,Large and Mid Cap,Mid Cap,Large Cap,Small Cap,Multi Cap"
Sobha Ltd,17.02,442.85,"Focused,Contra,Mid Cap,Large Cap,Small Cap"
FDC Ltd,10.91,274.5,"Multi Cap,Value,Large Cap,Small Cap"
Berger Paints India Ltd,6.620000000000001,745.5,"Mid Cap,Large Cap,Large and Mid Cap"
Laurus Labs Ltd,77.28999999999996,349.35,"Large and Mid Cap,Mid Cap,Large Cap,Small Cap,Multi Cap"
Kajaria Ceramics Ltd,102.42,903.9,"Focused,Contra,Value,Large and Mid Cap,Mid Cap,Large Cap,Small Cap,Multi Cap"
Thermax Ltd,42.79999999999999,1337.1,"Large and Mid Cap,Mid Cap,Large Cap,Small Cap,Multi Cap"
Atul Ltd,126.14000000000004,7067.0,"Value,Large and Mid Cap,Mid Cap,Large Cap,Small Cap,Multi Cap"
Mahindra  Mahindra Financial Services Ltd,129.59999999999997,201.7,"Focused,Contra,Value,Large and Mid Cap,Mid Cap,Large Cap,Small Cap,Multi Cap"
Ipca Laboratories Ltd,165.16000000000005,1858.0,"Focused,Value,Large and Mid Cap,Mid Cap,Large Cap,Small Cap,Multi Cap"
Trent Limited,96.39999999999996,763.0,"Value,Large and Mid Cap,Mid Cap,Large Cap,Small Cap,Multi Cap"
Apollo Hospitals Enterprises Ltd,114.08,2834.9,"Focused,Value,Large and Mid Cap,Mid Cap,Large Cap,Small Cap,Multi Cap"
Jamna Auto Inds Ltd,22.52,68.65,"Multi Cap,Value,Large Cap,Small Cap"
Firstsource Solutions Ltd,33.779999999999994,109.85,"Focused,Value,Mid Cap,Large Cap,Small Cap,Multi Cap"
Havells India Ltd,11.740000000000002,1030.65,"Value,Large and Mid Cap,Mid Cap,Large Cap,Multi Cap"
Power Finance Corporation Ltd,28.46,114.5,"Multi Cap,Mid Cap,Large Cap,Large and Mid Cap"
Info Edge India Ltd,81.40000000000003,4447.55,"Focused,Value,Large and Mid Cap,Mid Cap,Large Cap,Small Cap"
Ajanta Pharma Limited,41.96,1781.2,"Contra,Value,Large and Mid Cap,Mid Cap,Large Cap,Small Cap,Multi Cap"
Biocon Ltd,7.279999999999999,393.35,"Value,Large Cap,Large and Mid Cap"
TVS Motor Company Ltd,51.66000000000002,564.2,"Contra,Value,Large and Mid Cap,Mid Cap,Large Cap,Multi Cap"
Equitas Holdings Ltd,91.34999999999997,88.1,"Contra,Value,Large and Mid Cap,Mid Cap,Large Cap,Small Cap,Multi Cap"
Equitas Small Finance Bank Ltd,14.359999999999998,60.0,"Contra,Value,Large Cap,Small Cap,Multi Cap"
LT Technology Services Ltd,65.92,2527.95,"Focused,Contra,Value,Large and Mid Cap,Mid Cap,Large Cap,Small Cap,Multi Cap"
Sundaram Finance Limited,83.22,2478.85,"Focused,Large and Mid Cap,Mid Cap,Large Cap,Multi Cap"
Alembic Pharmaceuticals Ltd,88.13000000000007,929.55,"Value,Large and Mid Cap,Mid Cap,Large Cap,Small Cap,Multi Cap"
Manappuram Finance Ltd,33.24000000000001,150.1,"Value,Large and Mid Cap,Mid Cap,Large Cap,Small Cap,Multi Cap"
Hindustan Zinc Ltd,8.02,272.5,"Focused,Large and Mid Cap,Large Cap,Small Cap,Multi Cap"
Indigo Paints Ltd,35.30000000000001,2310.0,"Focused,Large and Mid Cap,Mid Cap,Large Cap,Small Cap,Multi Cap"
Strides Pharma Science Ltd,37.66,755.0,"Value,Large and Mid Cap,Mid Cap,Large Cap,Small Cap,Multi Cap"
Bandhan Bank Ltd,15.78,356.4,"Contra,Value,Large and Mid Cap,Large Cap,Multi Cap"
Shriram City Union Finance Ltd,13.93,1378.65,"Multi Cap,Mid Cap,Large Cap,Small Cap"
Sadbhav Engineering Ltd,5.22,63.0,"Contra,Value,Mid Cap,Large Cap,Small Cap"
Emami Ltd,149.07999999999996,465.35,"Focused,Value,Large and Mid Cap,Mid Cap,Large Cap,Small Cap,Multi Cap"
Akzo Nobel India Ltd,32.22,2214.95,"Value,Large and Mid Cap,Mid Cap,Large Cap,Small Cap,Multi Cap"
Aditya Birla Capital Ltd,5.5,118.15,"Mid Cap,Large Cap,Large and Mid Cap"
IRB Infrastructure Developers Ltd,0.52,105.15,"Large Cap,Small Cap"
GE Power India Ltd,5.790000000000001,274.8,"Multi Cap,Focused,Large Cap,Small Cap"
JM Financial Ltd,45.04000000000003,87.9,"Value,Mid Cap,Large Cap,Small Cap,Multi Cap"
Bank Of Baroda,44.7,70.8,"Contra,Value,Mid Cap,Large Cap,Small Cap,Multi Cap"
Vodafone Idea Ltd,0.32,9.15,"Mid Cap,Large Cap,Large and Mid Cap"
UTI Asset Management Co Pvt Ltd,46.2,560.6,"Focused,Contra,Value,Large and Mid Cap,Mid Cap,Large Cap,Small Cap,Multi Cap"
Bharti Infratel Ltd,10.96,243.95,"Multi Cap,Value,Large Cap,Large and Mid Cap"
Steel Authority Of India Ltd,71.26000000000002,74.75,"Focused,Value,Large and Mid Cap,Mid Cap,Large Cap,Small Cap,Multi Cap"
Avanti Feeds Ltd,22.54,433.55,"Focused,Value,Large and Mid Cap,Large Cap,Small Cap,Multi Cap"
Jindal Steel  Power Ltd,175.47999999999996,317.0,"Focused,Contra,Value,Large and Mid Cap,Mid Cap,Large Cap,Small Cap,Multi Cap"
Multi Commodity Exchange Of India Ltd,85.10000000000002,1532.8,"Focused,Value,Large and Mid Cap,Mid Cap,Large Cap,Small Cap,Multi Cap"
Piramal Enterprises Ltd,8.2,1792.35,"Multi Cap,Large Cap,Large and Mid Cap"
Escorts Ltd,84.84000000000002,1276.0,"Value,Large and Mid Cap,Mid Cap,Large Cap,Small Cap,Multi Cap"
J Kumar Infraprojects Ltd,4.22,207.9,"Large Cap,Large and Mid Cap"
Mangalore Chemicals  Fertilisers Ltd,0.24,72.15,"Large Cap,Large and Mid Cap"
Affle India Ltd,85.36999999999999,5275.0,"Focused,Value,Large and Mid Cap,Mid Cap,Large Cap,Small Cap,Multi Cap"
VGuard Industries Ltd,31.580000000000005,232.35,"Contra,Large and Mid Cap,Mid Cap,Large Cap,Small Cap,Multi Cap"
National Aluminium Co Ltd,23.68,52.6,"Large and Mid Cap,Mid Cap,Large Cap,Small Cap,Multi Cap"
Yes Bank,8.9,14.3,Large Cap
Navin Flourine International Ltd,214.52,2472.7,"Focused,Value,Large and Mid Cap,Mid Cap,Large Cap,Small Cap,Multi Cap"
IDBI Bank Ltd,10.38,38.65,"Multi Cap,Value,Large Cap"
Indian Hotels Company Limited,78.86,105.1,"Contra,Value,Large and Mid Cap,Mid Cap,Large Cap,Multi Cap"
Chalet Hotels Ltd,7.68,156.95,"Value,Mid Cap,Large Cap,Small Cap,Multi Cap"
Triveni Turbine Ltd,14.380000000000004,103.1,"Value,Large and Mid Cap,Large Cap,Small Cap,Multi Cap"
Ashoka Buildcon Ltd,62.75999999999999,96.1,"Value,Large and Mid Cap,Mid Cap,Large Cap,Small Cap,Multi Cap"
Bharat Earth Movers Ltd,15.360000000000005,1276.0,"Large and Mid Cap,Mid Cap,Large Cap,Small Cap,Multi Cap"
GE TD India Ltd,3.46,114.75,"Multi Cap,Large Cap"
Cesc Ltd,36.52,605.45,"Focused,Value,Large and Mid Cap,Mid Cap,Large Cap,Small Cap,Multi Cap"
VRL Logistic Ltd,16.24,233.0,"Multi Cap,Value,Large Cap,Small Cap"
Tata Power Co Ltd,101.85999999999996,101.6,"Focused,Value,Large and Mid Cap,Mid Cap,Large Cap,Multi Cap"
Bajaj Holdings  Investment Ltd,3.46,3241.1,"Multi Cap,Large Cap"
Polycab India Limited,104.29999999999995,1361.75,"Focused,Value,Large and Mid Cap,Mid Cap,Large Cap,Small Cap,Multi Cap"
Jb Chemicals  Pharmaceuticals Ltd,92.31000000000007,1216.5,"Large and Mid Cap,Mid Cap,Large Cap,Small Cap,Multi Cap"
Birla Corporation Ltd,54.7,880.0,"Value,Large and Mid Cap,Large Cap,Small Cap,Multi Cap"
Indian Railway Finance Corporation Ltd,17.839999999999996,23.0,"Contra,Value,Large and Mid Cap,Mid Cap,Large Cap,Small Cap,Multi Cap"
TCI Express Ltd,38.76000000000001,897.7,"Value,Large and Mid Cap,Mid Cap,Large Cap,Small Cap,Multi Cap"
Bank Of India,0.74,70.9,Large Cap
NHPC Ltd,12.72,23.6,"Value,Large Cap,Large and Mid Cap,Focused"
Fortis Healthcare Ltd,98.92999999999998,201.9,"Focused,Value,Large and Mid Cap,Mid Cap,Small Cap,Multi Cap"
Oracle Financial Services Software Limited,61.1,3151.1,"Multi Cap,Value,Mid Cap,Large and Mid Cap"
Tata Steel Long Products Ltd,16.349999999999998,673.0,"Multi Cap,Small Cap"
General Insurance Corporation of India,40.82,206.55,"Multi Cap,Mid Cap,Large and Mid Cap,Focused"
Bharat Rasayan Ltd,13.51,9400.0,"Multi Cap,Mid Cap,Small Cap"
Deepak Fertilisers  Petrochemicals Corp Ltd,9.83,223.15,"Multi Cap,Small Cap"
Linde India Ltd,31.34,1730.0,"Multi Cap,Large and Mid Cap,Small Cap"
INEOS Styrolution India Ltd,26.03,948.1,"Multi Cap,Small Cap"
Jubilant Life Sciences Ltd,25.62,656.75,"Multi Cap,Mid Cap,Large and Mid Cap"
PTC India Financial Services Ltd,6.37,18.2,"Multi Cap,Small Cap"
Caplin Point Laboratories Ltd,5.8100000000000005,418.45,"Multi Cap,Small Cap"
Aavas Financiers Ltd,50.6,2275.05,"Focused,Contra,Large and Mid Cap,Mid Cap,Small Cap,Multi Cap"
Neuland Laboratories Ltd,10.41,2026.2,"Multi Cap,Small Cap"
GMM Pfaudler Ltd,23.1,4176.3,"Multi Cap,Mid Cap,Large and Mid Cap,Small Cap"
PTC India Ltd,11.989999999999998,80.0,"Multi Cap,Value,Small Cap"
Nureca Ltd,10.86,601.95,"Multi Cap,Mid Cap,Small Cap"
BASF India Ltd,16.81,1984.0,"Multi Cap,Large and Mid Cap,Small Cap"
Rossari Biotech Ltd,56.140000000000015,1043.4,"Focused,Value,Large and Mid Cap,Mid Cap,Small Cap,Multi Cap"
Adani Transmission Ltd,10.32,861.85,"Multi Cap,Large and Mid Cap,Focused"
Procter  Gamble Health Ltd,51.080000000000005,6174.0,"Focused,Value,Large and Mid Cap,Mid Cap,Small Cap,Multi Cap"
Bharat Heavy Electricals Ltd,16.16,48.7,"Multi Cap,Value,Mid Cap,Large and Mid Cap"
Tata Metaliks Ltd,53.44999999999999,708.5,"Multi Cap,Value,Small Cap"
Jubilant Ingrevia Ltd,4.1,254.0,"Multi Cap,Mid Cap,Large and Mid Cap"
Adani Enterprises Ltd,0.0,984.35,Multi Cap
Orissa Cement Ltd,69.94,1547.45,"Focused,Value,Large and Mid Cap,Mid Cap,Small Cap,Multi Cap"
Sagar Cements Ltd,8.209999999999999,708.05,"Multi Cap,Value,Mid Cap,Small Cap"
Route Mobile Ltd,24.1,1431.0,"Multi Cap,Focused,Large and Mid Cap,Small Cap"
Tejas Networks Ltd,13.159999999999998,162.15,"Multi Cap,Small Cap"
KPIT Technologies Ltd,60.41000000000001,179.65,"Multi Cap,Value,Large and Mid Cap,Small Cap"
Just Dial Ltd,16.44,866.7,"Multi Cap,Value,Mid Cap,Small Cap"
Balrampur Chini Mills Ltd,38.9,207.25,"Multi Cap,Mid Cap,Focused,Small Cap"
KRBL Ltd,6.76,187.0,"Multi Cap,Small Cap"
Somany Ceramics Ltd,18.56,413.85,"Multi Cap,Focused,Small Cap"
Chambal Fertilizers  Chemicals Ltd,32.919999999999995,227.0,"Multi Cap,Value,Mid Cap,Small Cap"
Hyderabad Industries Ltd,4.62,2853.75,Multi Cap
Subros Ltd,40.08,308.1,"Multi Cap,Mid Cap,Small Cap"
Welspun Corp Ltd,5.3,135.5,"Multi Cap,Value"
Valiant Organics Ltd,15.350000000000003,1217.5,"Multi Cap,Mid Cap,Small Cap"
J K Lakshmi Cement Ltd,38.03999999999999,396.0,"Multi Cap,Value,Focused,Small Cap"
Fineotex Chemical Ltd,3.62,59.1,"Multi Cap,Small Cap"
Asahi India Glass Ltd,3.3999999999999995,294.45,"Multi Cap,Large and Mid Cap,Small Cap"
Srikalahasthi Pipes Ltd,1.38,172.55,"Multi Cap,Small Cap"
INOX Leisure Ltd,79.85999999999999,299.5,"Focused,Value,Large and Mid Cap,Mid Cap,Small Cap,Multi Cap"
CreditAccess Grameen Ltd,42.04,669.55,"Multi Cap,Mid Cap,Large and Mid Cap,Small Cap"
Mastek Ltd,29.22000000000001,1174.65,"Multi Cap,Value,Large and Mid Cap,Small Cap"
Century Plyboards India Ltd,69.32000000000001,300.6,"Multi Cap,Mid Cap,Large and Mid Cap,Small Cap"
JK Cement Ltd,222.25000000000017,2788.1,"Focused,Value,Large and Mid Cap,Mid Cap,Small Cap,Multi Cap"
Greenply Industries Ltd,44.38,168.65,"Contra,Value,Mid Cap,Small Cap,Multi Cap"
Solara Active Pharma Sciences Ltd,12.760000000000002,1279.4,"Multi Cap,Contra,Mid Cap,Small Cap"
PNC Infratech Ltd,76.76,248.35,"Value,Large and Mid Cap,Mid Cap,Small Cap,Multi Cap"
Kalpataru Power Transmission Ltd,53.610000000000014,374.7,"Focused,Value,Large and Mid Cap,Mid Cap,Small Cap,Multi Cap"
JMC Projects India Ltd,2.74,75.75,"Multi Cap,Small Cap"
CESC Ventures Ltd,0.0,343.6,Multi Cap
Varroc Engineering Pvt Ltd,8.9,377.1,"Multi Cap,Focused,Small Cap"
Aarti Industries Ltd,81.74,1316.0,"Focused,Value,Large and Mid Cap,Mid Cap,Small Cap,Multi Cap"
Galaxy Surfactants Ltd,59.34,2369.4,"Multi Cap,Mid Cap,Small Cap"
TCNS Clothing Company Ltd,22.959999999999997,505.0,"Multi Cap,Small Cap"
Nippon Life India Asset Management Ltd,13.060000000000002,329.85,"Multi Cap,Value,Mid Cap"
Prestige Estates Projects Ltd,16.259999999999998,304.5,"Value,Large and Mid Cap,Mid Cap,Small Cap,Multi Cap"
Supreme Industries Ltd,154.91000000000005,2000.8,"Focused,Contra,Value,Large and Mid Cap,Mid Cap,Small Cap,Multi Cap"
TTK Prestige Ltd,22.96,7224.3,"Multi Cap,Mid Cap,Large and Mid Cap,Small Cap"
Camlin Fine Sciences Ltd,17.44,136.5,"Focused,Large and Mid Cap,Mid Cap,Small Cap,Multi Cap"
Endurance Technologies Ltd,98.98000000000005,1387.25,"Value,Large and Mid Cap,Mid Cap,Small Cap,Multi Cap"
Symphony Ltd,14.02,1254.8,"Multi Cap,Mid Cap,Large and Mid Cap,Small Cap"
Cholamandalam Financial Holdings Ltd,92.09999999999997,586.0,"Focused,Value,Large and Mid Cap,Mid Cap,Small Cap,Multi Cap"
AIA Engineering Ltd,98.10000000000002,1900.0,"Focused,Value,Large and Mid Cap,Mid Cap,Small Cap,Multi Cap"
Sumitomo Chemical India Private Ltd,14.659999999999998,271.9,"Value,Large and Mid Cap,Mid Cap,Small Cap,Multi Cap"
Castrol india Ltd,21.800000000000004,124.0,"Value,Large and Mid Cap,Mid Cap,Small Cap,Multi Cap"
Fairchem Speciality Ltd,6.370000000000001,828.65,"Multi Cap,Large and Mid Cap,Small Cap"
Teamlease Services Ltd,71.46000000000001,3527.45,"Focused,Value,Large and Mid Cap,Mid Cap,Small Cap,Multi Cap"
Fine Organic Industries Ltd,54.41999999999999,2249.5,"Focused,Large and Mid Cap,Mid Cap,Small Cap,Multi Cap"
Mas Financial Services Ltd,19.36,874.3,"Multi Cap,Value,Large and Mid Cap,Small Cap"
Computer Age Management Services Pvt Ltd,56.96,1772.4,"Value,Large and Mid Cap,Mid Cap,Small Cap,Multi Cap"
Mahindra Logistics Ltd,19.66,544.25,"Focused,Large and Mid Cap,Mid Cap,Small Cap,Multi Cap"
GNA Axles Ltd,21.22,364.2,"Multi Cap,Small Cap"
Godrej Agrovet Ltd,12.74,492.0,"Multi Cap,Mid Cap,Large and Mid Cap"
HG Infra Engineering Ltd,5.04,293.0,"Multi Cap,Mid Cap,Small Cap"
PSP Projects Ltd,1.54,469.0,"Multi Cap,Small Cap"
Railtel Corporation of India Ltd,7.640000000000001,128.9,"Focused,Value,Mid Cap,Small Cap,Multi Cap"
RITES Ltd,9.34,240.95,"Multi Cap,Value,Mid Cap,Small Cap"
Syngene International Ltd,61.10000000000001,533.9,"Focused,Value,Large and Mid Cap,Mid Cap,Small Cap,Multi Cap"
Brigade Enterprises Ltd,99.80999999999996,250.95,"Value,Large and Mid Cap,Mid Cap,Small Cap,Multi Cap"
Orient Electric Ltd,107.72,309.05,"Multi Cap,Mid Cap,Focused,Small Cap"
KEI Industries Ltd,90.15,513.25,"Focused,Contra,Large and Mid Cap,Mid Cap,Small Cap,Multi Cap"
Ceat Ltd,22.18,1523.7,"Value,Large and Mid Cap,Mid Cap,Small Cap,Multi Cap"
Force Motors Ltd,9.44,1187.0,"Multi Cap,Small Cap"
Indoco Remedies Ltd,56.150000000000006,281.7,"Value,Large and Mid Cap,Mid Cap,Small Cap,Multi Cap"
KNR Constructions,84.46000000000004,203.7,"Contra,Value,Large and Mid Cap,Mid Cap,Small Cap,Multi Cap"
Coforge Ltd,85.46000000000002,2773.85,"Value,Large and Mid Cap,Mid Cap,Small Cap,Multi Cap"
LT Finance Holdings Ltd,25.399999999999995,95.0,"Multi Cap,Value,Large and Mid Cap,Small Cap"
eClerx Services Ltd,24.42,1011.6,"Multi Cap,Small Cap"
NATCO Pharma Ltd,63.29999999999997,806.7,"Value,Large and Mid Cap,Mid Cap,Small Cap,Multi Cap"
Indian Bank,19.979999999999997,117.75,"Multi Cap,Mid Cap,Large and Mid Cap,Small Cap"
Indiabulls Real Estate Ltd,10.38,86.0,"Multi Cap,Small Cap"
Kaveri Seed Company Ltd,5.62,492.15,"Multi Cap,Small Cap"
Johnson ControlsHitachi Air Conditioning India Ltd,84.12999999999998,2553.0,"Value,Large and Mid Cap,Mid Cap,Small Cap,Multi Cap"
NESCO Ltd,16.56,530.65,"Multi Cap,Small Cap"
Rallis India Ltd,39.25999999999999,264.4,"Contra,Value,Mid Cap,Small Cap,Multi Cap"
Mayur Uniquoters Limited,16.599999999999998,406.0,"Multi Cap,Value,Small Cap"
JTEKT India Ltd,7.299999999999998,86.05,"Multi Cap,Small Cap"
Sun TV Network Ltd,32.400000000000006,453.0,"Focused,Value,Large and Mid Cap,Mid Cap,Multi Cap"
DCM Shriram Ltd,12.64,504.75,"Value,Large and Mid Cap,Mid Cap,Small Cap,Multi Cap"
Suven Pharmaceuticals Ltd,20.980000000000004,465.0,"Multi Cap,Value,Mid Cap,Small Cap"
MoldTek Packaging Ltd,18.62,406.1,"Multi Cap,Mid Cap,Large and Mid Cap,Small Cap"
Hester Biosciences Ltd,3.74,2024.0,"Multi Cap,Small Cap"
Kirloskar Ferrous Industries Ltd,19.050000000000004,159.55,"Multi Cap,Value,Small Cap"
Amara Raja Batteries Limited,34.84,844.75,"Focused,Value,Large and Mid Cap,Mid Cap,Small Cap,Multi Cap"
Bajaj Consumer Care Ltd,20.44,261.5,"Value,Large and Mid Cap,Mid Cap,Small Cap,Multi Cap"
Advanced Enzyme Technologies Ltd,8.2,341.25,"Multi Cap,Value,Small Cap"
Gulf Oil Lubircants India Ltd,20.7,724.9,"Multi Cap,Value,Small Cap"
WABCO India Ltd,2.42,6673.0,Multi Cap
Triveni Engineering  Industries Ltd,5.719999999999999,86.1,"Multi Cap,Value,Small Cap"
Kirloskar Industries Ltd,1.12,1268.4,"Multi Cap,Small Cap"
Jindal Stainless Ltd,1.1800000000000002,66.2,"Multi Cap,Small Cap"
CSB Bank Ltd,21.64,238.85,"Multi Cap,Mid Cap,Small Cap"
Healthcare Global Enterprises Ltd,42.98000000000001,183.15,"Multi Cap,Mid Cap,Small Cap"
Motilal Oswal Financial Services Ltd,13.4,649.3,"Value,Large and Mid Cap,Mid Cap,Small Cap,Multi Cap"
Navneet Education Ltd,22.62,82.9,"Multi Cap,Mid Cap,Small Cap"
Sudarshan Chemical Industries Ltd,24.62,512.65,"Value,Large and Mid Cap,Mid Cap,Small Cap,Multi Cap"
Ahluwalia Contracts India Ltd,21.460000000000004,308.85,"Multi Cap,Mid Cap,Large and Mid Cap,Small Cap"
Torrent Power Ltd,63.54,408.5,"Focused,Contra,Value,Large and Mid Cap,Mid Cap,Multi Cap"
Ramco Industries Ltd,24.270000000000003,252.95,"Multi Cap,Value,Small Cap"
M M Forgings Ltd,44.07,489.05,"Multi Cap,Small Cap"
Ashiana Housing Ltd,5.0,131.55,"Multi Cap,Contra,Small Cap"
Nucleus Software Exports Ltd,2.8,499.3,"Multi Cap,Small Cap"
Sundram Fasteners Ltd,54.93999999999998,736.35,"Multi Cap,Mid Cap,Large and Mid Cap,Small Cap"
Quess Corp Ltd,105.88,691.8,"Value,Large and Mid Cap,Mid Cap,Small Cap,Multi Cap"
Taj GVK Hotels  Resorts Ltd,7.430000000000001,113.35,"Multi Cap,Small Cap"
Thomas Cook india Ltd,5.88,49.4,"Focused,Value,Mid Cap,Small Cap,Multi Cap"
Cochin Shipyard Ltd,1.48,354.5,"Multi Cap,Small Cap"
NCC Ltd,36.72,78.15,"Focused,Contra,Value,Large and Mid Cap,Mid Cap,Small Cap,Multi Cap"
KEC International Ltd,72.61999999999999,418.5,"Focused,Contra,Value,Large and Mid Cap,Mid Cap,Small Cap,Multi Cap"
Radico Khaitan Ltd,74.69999999999999,550.95,"Value,Large and Mid Cap,Mid Cap,Small Cap,Multi Cap"
VIP Industries Ltd,40.97999999999999,358.3,"Contra,Value,Large and Mid Cap,Mid Cap,Small Cap,Multi Cap"
VMart Retail Ltd,78.76000000000003,2719.6,"Contra,Value,Large and Mid Cap,Mid Cap,Small Cap,Multi Cap"
Karur Vysya Bank Ltd,13.540000000000004,54.8,"Multi Cap,Value,Mid Cap,Small Cap"
Security and Intelligence Services India Ltd,21.78,393.0,"Focused,Value,Mid Cap,Small Cap,Multi Cap"
Engineers India Ltd,8.74,74.45,"Multi Cap,Value,Small Cap"
Ratnamani Metals  Tubes Ltd,54.34,1852.7,"Value,Large and Mid Cap,Mid Cap,Small Cap,Multi Cap"
MOIL Ltd,9.94,138.85,"Multi Cap,Mid Cap,Small Cap"
ABB Power Products and Systems India Ltd,11.64,1350.0,"Multi Cap,Small Cap"
Vardhman Textiles Ltd,49.96000000000001,1200.0,"Focused,Value,Large and Mid Cap,Mid Cap,Small Cap,Multi Cap"
Tata Chemicals Ltd,70.76,741.9,"Multi Cap,Value,Mid Cap,Large and Mid Cap"
Nocil Ltd,23.06,171.25,"Multi Cap,Mid Cap,Small Cap"
Jyothy Laboratories Ltd,25.62,138.55,"Value,Large and Mid Cap,Mid Cap,Small Cap,Multi Cap"
Heidelberg Cement India Ltd,64.94,231.85,"Multi Cap,Value,Mid Cap,Small Cap"
Gujarat Alkalies  Chemicals Ltd,3.74,338.1,"Multi Cap,Value,Mid Cap"
PVR Ltd,21.040000000000003,1228.0,"Multi Cap,Contra,Mid Cap,Large and Mid Cap"
APL Apollo Tubes Ltd,41.12,1349.95,"Multi Cap,Mid Cap,Focused,Small Cap"
Hindustan Oil Exploration Co Ltd,3.44,94.7,"Multi Cap,Small Cap"
Rail Vikas Nigam Ltd,2.78,28.55,"Multi Cap,Small Cap"
Neogen Chemicals Ltd,34.18,789.75,"Multi Cap,Contra,Small Cap"
Sheela Foam Ltd,59.98999999999999,1966.45,"Focused,Large and Mid Cap,Mid Cap,Small Cap,Multi Cap"
Newgen Software Technologies Ltd,3.3,281.55,Multi Cap
Nrb Bearings Ltd,28.46,107.8,"Multi Cap,Mid Cap,Small Cap"
Apollo Tyres Limited,34.87999999999999,223.0,"Multi Cap,Mid Cap,Large and Mid Cap,Small Cap"
Delta Corp Ltd,9.1,162.25,"Multi Cap,Mid Cap,Small Cap"
Shoppers Stop Limited,8.84,207.45,"Multi Cap,Small Cap"
Zydus Wellness Ltd,50.680000000000014,1957.6,"Value,Large and Mid Cap,Mid Cap,Small Cap,Multi Cap"
Century Textile  Industries Ltd,32.96,471.35,"Focused,Value,Large and Mid Cap,Mid Cap,Small Cap,Multi Cap"
Muthoot Capital Services Ltd,5.150000000000002,374.5,"Multi Cap,Small Cap"
Zee Entertainment Enterprises Ltd,12.879999999999995,198.95,"Value,Large and Mid Cap,Mid Cap,Small Cap,Multi Cap"
Dhanuka Agritech Ltd,18.12,681.85,"Multi Cap,Mid Cap,Small Cap"
DFM Foods Ltd,7.939999999999999,363.5,"Multi Cap,Small Cap"
Nitin Spinners Ltd,5.800000000000001,83.4,"Multi Cap,Value,Small Cap"
Automotive Axles Ltd,6.12,1090.0,"Multi Cap,Mid Cap,Small Cap"
Nath BioGenes India Ltd,8.08,305.1,"Multi Cap,Value"
Mahanagar Gas Ltd,21.4,1134.0,"Focused,Value,Large and Mid Cap,Mid Cap,Multi Cap"
Gujarat Narmada Valley Fertilisers Chemicals Ltd,52.2,284.7,"Multi Cap,Value,Small Cap"
Finolex Cables Ltd,38.98,376.7,"Value,Large and Mid Cap,Mid Cap,Small Cap,Multi Cap"
Rane Holdings Ltd,32.98,583.1,"Multi Cap,Value,Mid Cap,Small Cap"
Aster DM Healthcare Ltd,19.880000000000003,135.25,"Multi Cap,Value,Small Cap"
Finolex Industries Ltd,27.36,615.4,"Multi Cap,Value,Mid Cap,Small Cap"
Swaraj Engines Ltd,3.82,1313.3,"Multi Cap,Mid Cap,Small Cap"
CCL Products India Ltd,23.14,235.5,"Value,Large and Mid Cap,Mid Cap,Small Cap,Multi Cap"
Stove Kraft Ltd,31.53,448.4,"Multi Cap,Small Cap"
Infrastructure Development Finance Company Limited,37.69999999999998,48.9,"Multi Cap,Value,Small Cap"
Lakshmi Machine Works Ltd,6.72,6718.1,"Multi Cap,Small Cap"
Cyient Ltd,90.07999999999996,645.0,"Focused,Contra,Value,Mid Cap,Small Cap,Multi Cap"
RBL Bank Ltd,68.55999999999999,211.6,"Contra,Value,Large and Mid Cap,Mid Cap,Small Cap,Multi Cap"
Punjab National Bank,5.44,35.95,"Multi Cap,Value"
IIFL Wealth Management Ltd,20.860000000000003,1205.2,"Multi Cap,Mid Cap,Large and Mid Cap,Small Cap"
Capacite Infraprojects Ltd,12.800000000000002,207.4,"Multi Cap,Value,Mid Cap,Small Cap"
Indostar Capital Finance Private Ltd,14.98,318.4,"Multi Cap,Small Cap"
Westlife Development Ltd,58.70000000000001,456.95,"Contra,Large and Mid Cap,Mid Cap,Small Cap,Multi Cap"
India Cements Ltd,48.66,163.85,"Multi Cap,Value,Small Cap"
Heritage Foods india Ltd,40.50999999999999,304.2,"Multi Cap,Value,Large and Mid Cap,Small Cap"
Minda Industries Ltd,82.78000000000003,549.0,"Value,Large and Mid Cap,Mid Cap,Small Cap,Multi Cap"
Deepak Nitrite Ltd,101.58000000000004,1549.75,"Value,Large and Mid Cap,Mid Cap,Small Cap,Multi Cap"
Techno Electric  Engineering Co Ltd,26.82,300.25,"Multi Cap,Mid Cap,Large and Mid Cap,Small Cap"
SundaramClayton Ltd,45.88,3038.0,"Value,Large and Mid Cap,Mid Cap,Small Cap,Multi Cap"
Tvs Srichakra Ltd,4.22,1745.4,"Multi Cap,Small Cap"
Blue Dart Express Ltd,21.32,4942.45,"Multi Cap,Mid Cap,Focused,Small Cap"
MrsBectors Food Specialities Ltd,9.240000000000002,338.0,"Multi Cap,Small Cap"
Angel Broking Limited,14.530000000000005,302.5,"Multi Cap,Value,Mid Cap,Small Cap"
Astec Lifesciences Ltd,11.2,1015.0,"Multi Cap,Value,Small Cap"
Sunteck Realty Ltd,6.760000000000001,298.75,"Multi Cap,Small Cap"
Mangalore Refinery  Petrochemicals Ltd,2.6,40.1,"Multi Cap,Value"
Chennai Petroleum Corporation Ltd,2.16,94.95,"Multi Cap,Value,Contra"
Tata Coffee Ltd,1.9,118.5,"Multi Cap,Small Cap"
Home First Finance Company India Ltd,38.18000000000001,470.25,"Multi Cap,Mid Cap,Focused,Small Cap"
Arvind Fashions Ltd,19.19,145.6,"Multi Cap,Value,Mid Cap,Small Cap"
Dishman Carbogen Amcis Ltd,0.52,116.0,"Multi Cap,Value"
NLC India Ltd,5.62,49.0,"Multi Cap,Value,Large and Mid Cap,Small Cap"
Ramkrishna Forgings Ltd,7.76,511.85,"Multi Cap,Value,Small Cap"
Orient Cement Ltd,11.32,97.15,"Multi Cap,Focused,Small Cap"
I T D Cementation India Ltd,9.159999999999998,78.35,"Multi Cap,Focused,Small Cap"
Sanghvi Movers Ltd,2.84,104.3,Multi Cap
EIH Ltd,20.780000000000005,97.4,"Value,Large and Mid Cap,Mid Cap,Small Cap,Multi Cap"
Kennametal India Ltd,27.499999999999996,1030.0,"Multi Cap,Small Cap"
Vesuvius India Ltd,39.93000000000001,933.6,"Multi Cap,Mid Cap,Small Cap"
Schneider Electric Infrastructure Ltd,1.88,95.7,Multi Cap
Garden Reach Shipbuilders and Engineers Ltd,6.54,188.1,"Multi Cap,Focused,Small Cap"
Tube Investments Of India Ltd,163.02000000000004,1117.1,"Focused,Contra,Value,Large and Mid Cap,Mid Cap,Small Cap,Multi Cap"
AstraZeneca Pharma India Ltd,2.34,3085.6,"Mid Cap,Large and Mid Cap,Small Cap"
Pfizer Ltd,22.44,4395.0,"Value,Mid Cap,Large and Mid Cap,Small Cap"
Arihant Superstructures Ltd,0.36,34.15,Large and Mid Cap
Poddar Housing  Development Ltd,0.1999999999999999,180.0,"Mid Cap,Large and Mid Cap"
Tata Communications Ltd,18.38,1086.05,"Value,Mid Cap,Large and Mid Cap,Focused"
GlaxoSmithKline Pharmaceuticals Ltd,5.739999999999999,1404.0,"Mid Cap,Large and Mid Cap"
Ingersoll Rand india Ltd,25.160000000000004,677.25,"Contra,Large and Mid Cap,Small Cap"
Kirloskar Oil Engines Ltd,6.699999999999999,169.0,"Large and Mid Cap,Small Cap"
Goodyear India Ltd,7.66,897.95,"Large and Mid Cap,Small Cap"
Great Eastern Shipping Co Ltd,16.34,309.15,"Value,Large and Mid Cap,Small Cap"
Ganesha Ecosphere Ltd,8.06,566.45,"Large and Mid Cap,Small Cap"
Lemon Tree Hotels Ltd,18.079999999999995,36.75,"Large and Mid Cap,Small Cap"
International Paper APPM Ltd,21.19,230.7,"Contra,Large and Mid Cap,Small Cap"
Prataap Snacks Ltd,11.52,613.05,"Contra,Focused,Large and Mid Cap,Small Cap"
Control Print Ltd,1.6,249.95,Large and Mid Cap
SJVN Ltd,2.18,25.2,"Value,Large and Mid Cap"
Hatsun Agro Products Ltd,15.24,736.0,"Mid Cap,Focused,Large and Mid Cap,Small Cap"
Alkyl Amines Chemicals Ltd,18.22,5486.55,"Large and Mid Cap,Small Cap"
Garware Technical Fibres Ltd,8.2,2407.75,"Large and Mid Cap,Small Cap"
Matrimonycom Ltd,9.4,940.6,"Mid Cap,Large and Mid Cap,Small Cap"
Tata Elxsi Ltd,47.79999999999998,2629.5,"Mid Cap,Focused,Large and Mid Cap,Small Cap"
Ujjivan Small Finance Bank Ltd,0.0,30.6,"Value,Large and Mid Cap"
CG Power and Industrial Solutions Ltd,25.099999999999994,67.95,"Value,Large and Mid Cap,Small Cap"
MoldTek Packaging Ltd  Partly Paid,0.16,272.4,"Mid Cap,Large and Mid Cap,Small Cap"
IDFC First Bank Ltd,5.0600000000000005,58.55,"Mid Cap,Large and Mid Cap"
Praj Industries Ltd,34.1,189.75,"Value,Mid Cap,Large and Mid Cap,Small Cap"
Action Construction Equipment Ltd,4.84,152.35,"Mid Cap,Large and Mid Cap,Small Cap"
Gateway Distriparks Ltd,14.709999999999996,176.25,"Contra,Value,Large and Mid Cap,Mid Cap,Small Cap"
EPL Ltd,33.2,218.8,"Mid Cap,Focused,Large and Mid Cap,Small Cap"
Nava Bharat Ventures Ltd,0.98,70.0,"Value,Large and Mid Cap"
Transport Corporation Of India Ltd,22.219999999999995,253.5,"Mid Cap,Large and Mid Cap,Small Cap"
Greenlam Industries Ltd,6.4,919.0,"Mid Cap,Large and Mid Cap,Small Cap"
Prince Pipes and Fittings Ltd,38.88,414.95,"Focused,Value,Large and Mid Cap,Mid Cap,Small Cap"
GHCL Ltd,7.699999999999999,218.35,"Large and Mid Cap,Small Cap"
Eris Lifesciences Ltd,19.08,612.25,"Mid Cap,Large and Mid Cap,Small Cap"
Glenmark Pharmaceuticals Ltd,4.34,448.3,"Mid Cap,Large and Mid Cap"
Titagarh Wagons,0.62,45.4,Large and Mid Cap
NBCC India Ltd,0.56,46.1,Large and Mid Cap
Oil India Ltd,6.46,119.15,"Value,Large and Mid Cap"
Union Bank Of India,1.2,34.8,"Mid Cap,Large and Mid Cap"
Reliance Power Ltd,0.18,4.55,Large and Mid Cap
Mahindra CIE Automotive Ltd,12.6,166.65,"Mid Cap,Large and Mid Cap,Small Cap"
PNB Housing Finance Ltd,6.8,370.5,"Value,Large and Mid Cap"
KPR Mill Ltd,38.0,1035.45,"Value,Mid Cap,Large and Mid Cap,Small Cap"
Himatsingka Seide Ltd,31.360000000000014,147.1,"Value,Large and Mid Cap,Small Cap"
Jagran Prakashan Ltd,2.02,58.9,"Mid Cap,Large and Mid Cap,Small Cap"
Gillette India Ltd,0.0,5509.8,Mid Cap
Lux Industries Ltd,7.3,1771.0,"Mid Cap,Small Cap"
Kewal Kiran Clothing Ltd,1.66,875.95,"Mid Cap,Small Cap"
Gujarat Pipavav Port Ltd,34.220000000000006,97.0,"Value,Mid Cap,Focused,Small Cap"
Elgi Equipments Ltd,7.14,179.9,"Mid Cap,Small Cap"
Sequent Scientific Ltd,25.54,234.1,"Mid Cap,Focused,Small Cap"
Sharda Motor Industries Ltd,2.66,2100.95,Mid Cap
Godfrey Phillips India Ltd,4.1,873.0,"Mid Cap,Small Cap"
Aegis Logistics Ltd,8.36,292.25,"Mid Cap,Small Cap"
Dollar Industries Ltd,2.0,238.5,"Value,Mid Cap,Small Cap"
Prism Johnson Ltd,15.2,125.85,"Contra,Value,Mid Cap,Small Cap"
Housing  Urban Development Corporation Ltd,2.28,44.85,Mid Cap
Mangalam Cement Ltd,0.9,278.35,Mid Cap
IFB Industries Ltd,2.44,1007.0,"Mid Cap,Small Cap"
LaOpala RG Ltd,14.12,216.1,"Mid Cap,Small Cap"
Voltamp Transformers Ltd,6.02,1006.2,"Mid Cap,Small Cap"
SpiceJet Ltd,1.22,69.7,"Mid Cap,Focused"
Oriental Hotels Ltd,10.160000000000002,22.65,"Value,Mid Cap,Small Cap"
Sanghi Industries Ltd,0.54,40.75,Mid Cap
Gujarat Fluorochemicals Ltd,6.16,583.95,"Mid Cap,Small Cap"
Burger King India Ltd,41.11999999999999,134.0,"Focused,Contra,Value,Mid Cap,Small Cap"
GFL Ltd,1.8000000000000005,80.75,Mid Cap
Aarti Drugs Ltd,3.88,720.65,"Mid Cap,Small Cap"
Tata Steel BSL Ltd,6.12,48.0,"Mid Cap,Small Cap"
Mahindra Holidays  Resorts India Ltd,16.250000000000004,213.3,"Mid Cap,Small Cap"
Dilip Buildcon Ltd,5.4,552.9,"Value,Mid Cap"
Vst Industries Ltd,22.86,3361.4,"Value,Mid Cap,Small Cap"
Redington India Ltd,16.56,167.35,"Value,Mid Cap,Small Cap"
Greenpanel Industries Ltd,12.920000000000002,159.95,"Value,Mid Cap,Small Cap"
Edelweiss Financial Services Ltd,0.9,71.5,Mid Cap
Arvind Ltd,0.74,65.75,Mid Cap
The Anup Engineering Ltd,0.26,588.0,Mid Cap
Heg Ltd,2.16,1452.7,Mid Cap
Godrej Industries Ltd,9.4,525.65,"Value,Mid Cap"
Insecticides India Ltd,3.3,485.5,"Mid Cap,Small Cap"
Greaves Cotton Ltd,9.04,126.5,"Mid Cap,Focused,Small Cap"
Balaji Amines Ltd,4.42,1728.05,Small Cap
Jash Engineering Ltd,3.81,293.0,Small Cap
Marksans Pharma Ltd,1.24,50.05,Small Cap
Shilpa Medicare Ltd,1.54,333.9,Small Cap
Godawari Power and Ispat Ltd,0.0,726.45,Small Cap
Tasty Bite Eatables Ltd,4.94,13726.65,Small Cap
Lumax Industries Ltd,5.879999999999999,1592.05,"Value,Small Cap"
Cera Sanitaryware Ltd,36.85999999999999,3730.0,Small Cap
Wonderla Holidays Ltd,4.94,197.05,"Value,Small Cap"
Harita Seating Systems Ltd,3.82,735.0,Small Cap
Hindustan Foods Ltd,2.1,2079.65,Small Cap
NIIT Ltd,5.34,146.8,Small Cap
IRCON International Limited,1.46,81.7,Small Cap
Siyaram Silk Mills Ltd,3.58,189.75,Small Cap
Cosmo Films Ltd,1.16,591.15,Small Cap
Orient Refractories Ltd,14.62,229.7,Small Cap
MTAR Technologies Ltd,3.68,1015.0,"Contra,Small Cap"
Igarashi Motors India Ltd,3.34,270.35,Small Cap
Repco Home Finance Ltd,14.219999999999995,326.95,Small Cap
Care Ratings Ltd,4.46,427.3,Small Cap
Borosil Ltd,1.44,165.7,Small Cap
VST Tillers Tractors Ltd,7.3,1772.65,Small Cap
SP Apparels Ltd,1.74,156.85,Small Cap
Genus Power Infrastructures Ltd,2.68,49.05,Small Cap
Apar Industries Ltd,5.739999999999999,450.95,Small Cap
Mishra Dhatu Nigam Ltd,5.06,177.45,"Contra,Value,Small Cap"
Nilkamal Ltd,15.32,1959.0,Small Cap
Apollo Pipes Ltd,1.96,903.05,Small Cap
ICRA Ltd,3.1,3595.0,Small Cap
S H Kelkar  Company Ltd,5.38,113.05,Small Cap
Sundaram Finance Holdings Ltd,2.14,75.4,Small Cap
Alembic Limited,1.04,102.7,Small Cap
Bharat Dynamics Ltd,1.7000000000000002,338.3,"Value,Small Cap"
Atul Auto Ltd,0.46,180.2,Small Cap
Oriental Carbon and Chemicals Ltd,5.540000000000001,929.0,Small Cap
Gayatri Projects Ltd,1.46,31.7,Small Cap
CMI Ltd,1.14,47.25,Small Cap
Adani Gas Ltd,4.72,902.0,Small Cap
Phillips Carbon Black Ltd,3.8,190.65,"Value,Small Cap"
EIDParry India Ltd,6.72,324.05,Small Cap
BSE Ltd,6.359999999999999,547.9,Small Cap
Sonata Software Ltd,12.4,492.65,Small Cap
Sharda Cropchem Ltd,9.82,290.9,Small Cap
Welspun India Ltd,11.1,83.2,Small Cap
Supreme Petrochem Ltd,2.74,408.75,Small Cap
Sterling Tools Ltd,2.52,197.0,"Value,Small Cap"
Maharashtra Seamless Ltd,3.5,277.55,"Value,Small Cap"
IFGL Refractories Limited,2.9400000000000004,306.75,Small Cap
Emami Paper Mills Ltd,0.86,130.0,Small Cap
Orient Paper  Industries Ltd,1.24,26.05,Small Cap
Gokaldas Exports Ltd,0.46,79.45,Small Cap
Unichem Laboratories Ltd,3.4,308.95,Small Cap
TV Today Network Ltd,5.1,270.05,Small Cap
Gabriel India Ltd,1.82,106.45,Small Cap
L G Balakrishnan  Bros Ltd,4.78,302.8,Small Cap
Power Mech Projects Ltd,1.08,542.5,Small Cap
DB Corp Ltd,0.98,90.3,Small Cap
Time Technoplast Ltd,0.12,59.9,Small Cap
Huhtamaki PPL Ltd,4.32,281.5,Small Cap
Apex Frozen Foods Ltd,1.96,207.55,Small Cap
I G Petrochemicals Ltd,2.56,425.0,"Value,Small Cap"
Satin Creditcare Network Ltd,1.4,83.5,Small Cap
Maithon Alloys Ltd,0.16,549.0,Small Cap
Ksb Pumps Ltd,49.56000000000002,873.0,"Value,Small Cap"
Esab India Ltd,22.379999999999995,1819.15,Small Cap
Hikal Ltd,10.7,144.5,Small Cap
India Nippon Electricals Ltd,13.44,368.7,Small Cap
Khadim India Ltd,17.199999999999996,151.15,Small Cap
Indian Terrain Fashions Ltd,1.98,30.05,Small Cap
Magma Fincorp Ltd,8.64,114.0,"Value,Small Cap"
Kalyani Steels Ltd,2.6,307.7,Small Cap
Amrutanjan Health Care Ltd,8.42,536.55,Small Cap
LT Foods Ltd,1.84,57.25,Small Cap
Star Cement Ltd,1.52,94.75,Small Cap
Lumax Auto Technologies Ltd,1.4,154.5,Small Cap
Vardhman Special Steels Ltd,0.82,138.75,Small Cap
Dwarikesh Sugar Industries Ltd,0.7,32.25,Small Cap
Plastiblends India Ltd,0.32,229.65,Small Cap
Thyrocare Technologies Ltd,30.11000000000001,867.5,Small Cap
Astra Microwave Products Ltd,11.839999999999998,134.9,Small Cap
Ador Welding Ltd,21.08,303.85,"Value,Small Cap"
Prabhat Dairy Ltd,3.74,94.65,Small Cap
Asian Granito India Ltd,6.15,153.4,Small Cap
S Chand And Company Ltd,0.0,110.5,Small Cap
Intellect Design Arena ltd,5.08,622.95,"Value,Small Cap"
Polyplex Corporation Ltd,1.78,823.45,Small Cap
West Coast Paper Mills Ltd,1.52,242.8,Small Cap
Honda Siel Power Products Ltd,7.039999999999999,990.0,Small Cap
Vindhya Telelinks Ltd,1.46,813.0,Small Cap
Kirloskar Brothers Ltd,1.12,216.35,Small Cap
Raymond Ltd,1.0,347.9,Small Cap
Sterling and Wilson Solar Private Ltd,3.56,262.5,"Focused,Small Cap"
Pokarna Ltd,0.68,266.05,Small Cap
Navkar Corporation Ltd,0.62,33.2,Small Cap
TD Power Systems Ltd,0.52,150.3,Small Cap
Texmaco Rail  Engineering Ltd,0.34,27.7,Small Cap
Seya Industries Ltd,0.16,51.7,Small Cap
Mazagon Dock Shipbuilders Ltd,0.08,209.55,"Value,Small Cap"
CL Educate Ltd,0.74,82.5,Small Cap
Butterfly Gandhimathi Appliances Ltd,6.64,537.0,"Value,Small Cap"
Safari Industries India Ltd,15.82,617.0,Small Cap
Ramco Systems,1.06,529.2,Small Cap
Take Solutions Ltd,2.9800000000000004,47.35,Small Cap
IIFL Securities Ltd,12.3,47.05,Small Cap
Salzer Electronics Ltd,6.780000000000001,127.8,Small Cap
Heranba Industries Ltd,2.36,636.8,Small Cap
Chemcon Speciality Chemicals Ltd,2.04,409.5,Small Cap
Wheels India Ltd,3.88,463.0,"Value,Small Cap"
Deccan Cements Ltd,1.78,414.6,Small Cap
Music Broadcast Pvt Ltd,1.86,23.3,Small Cap
Borosil Glass Works Ltd,1.7,246.0,Small Cap
Shankara Building Products Ltd,1.38,406.9,Small Cap
HT Media Ltd,0.92,22.1,Small Cap
Pennar Industries Ltd,0.52,16.9,Small Cap
Saregama India Ltd,12.4,1519.9,Small Cap
Agro Tech Foods Ltd,2.84,790.35,Small Cap
Entertainment Network India Ltd,2.28,152.8,"Value,Small Cap"
Indiabulls Housing Finance Ltd,5.7,198.8,Value
Zuari Global Limited,0.48,77.5,Value
Zuari Agro Chemicals Ltd,0.12,87.15,Value
Karnataka Bank Ltd,0.36,62.2,Value
Sadbhav Infrastructure Project Ltd,0.16,20.05,Value
Siti Networks Ltd,0.06,0.85,Value
Hindustan Copper Ltd,0.0,122.95,Value
Skipper Ltd,0.74,61.25,Value
Bharat Bijlee Ltd,0.82,1126.4,Value
Gujarat State Fertilizers  Chemicals Ltd,0.22,83.2,Value
Ujjivan Financial Services Ltd,4.1000000000000005,217.9,Value
Minda Corporation Ltd,2.88,95.2,Contra
J S W Energy Ltd,1.84,84.85,Contra
Wendt India Ltd,1.08,3181.15,Contra
